,coord_ra,coord_dec,ObjectId,visit,band,psfDiffFlux,psfDiffFluxErr,psfFlux,psfFluxErr,expMidptMJD,pixelFlags_bad,pixelFlags_saturated,pixelFlags_saturatedCenter,pixelFlags_suspect,pixelFlags_suspectCenter,nGoodSources
0,59.46141767003128,-48.61886936973327,592914531496244385,2024113000190,r,142861.0,1449.99,2050100.0,1423.4,60645.13490425931,False,False,False,False,False,155
1,59.46141767003128,-48.61886936973327,592914531496244385,2024121000476,g,-15166.6,1213.32,1401540.0,1191.6,60655.27614473948,False,False,False,False,False,155
2,59.46141767003128,-48.61886936973327,592914531496244385,2024113000195,g,224.584,1185.92,1406480.0,1155.39,60645.13824357635,False,False,False,False,False,155
3,59.46141767003128,-48.61886936973327,592914531496244385,2024113000196,g,-1856.79,1183.37,1408500.0,1159.48,60645.138766412034,False,False,False,False,False,155
4,59.46141767003128,-48.61886936973327,592914531496244385,2024113000192,g,-11668.6,1197.81,1403960.0,1148.91,60645.13644765614,False,False,False,False,False,155
5,59.46141767003128,-48.61886936973327,592914531496244385,2024121000479,g,-17507.3,1266.6,1407430.0,1254.28,60655.27730850689,False,False,False,False,False,155
6,59.46141767003128,-48.61886936973327,592914531496244385,2024112600165,i,-1744430.0,1012.77,225194.0,415.511,60641.108448935265,False,True,True,True,True,155
7,59.46141767003128,-48.61886936973327,592914531496244385,2024112600161,i,-1451830.0,1060.11,535264.0,643.417,60641.106060862236,False,True,True,True,True,155
8,59.46141767003128,-48.61886936973327,592914531496244385,2024112600166,i,-1109190.0,1233.9,902427.0,900.013,60641.10903473369,False,True,True,True,True,155
9,59.46141767003128,-48.61886936973327,592914531496244385,2024112600169,g,29895.1,1361.54,1522090.0,1342.64,60641.11140327544,False,False,False,False,False,155
10,59.46141767003128,-48.61886936973327,592914531496244385,2024120800422,g,6089.13,1245.07,1428530.0,1215.02,60653.23440171298,False,False,False,False,False,155
11,59.46141767003128,-48.61886936973327,592914531496244385,2024120200081,g,2558.64,1187.39,1393240.0,1165.55,60647.123767175886,False,False,False,False,False,155
12,59.46141767003128,-48.61886936973327,592914531496244385,2024120200083,g,2423.96,1166.09,1402040.0,1137.66,60647.12477818855,False,False,False,False,False,155
13,59.46141767003128,-48.61886936973327,592914531496244385,2024120800434,z,-421.751,2146.9,2323070.0,2086.75,60653.239792378576,False,False,False,False,False,155
14,59.46141767003128,-48.61886936973327,592914531496244385,2024121000471,r,178819.0,1710.13,2004690.0,1701.61,60655.27381035869,False,False,False,False,False,155
15,59.46141767003128,-48.61886936973327,592914531496244385,2024120800435,z,11646.7,2134.94,2335930.0,2076.54,60653.24018758096,False,False,False,False,False,155
16,59.46141767003128,-48.61886936973327,592914531496244385,2024120800423,g,4476.29,1211.66,1376150.0,1184.16,60653.23479693296,False,False,False,False,False,155
17,59.46141767003128,-48.61886936973327,592914531496244385,2024113000199,u,-2405.58,1511.55,470794.0,1452.69,60645.14133886583,False,False,False,False,False,155
18,59.46141767003128,-48.61886936973327,592914531496244385,2024113000197,u,4735.7,1515.11,465079.0,1451.56,60645.14005376733,False,False,False,False,False,155
19,59.46141767003128,-48.61886936973327,592914531496244385,2024120200073,u,6269.0,1465.72,475847.0,1436.25,60647.11346704281,False,False,False,False,False,155
20,59.46141767003128,-48.61886936973327,592914531496244385,2024121000474,r,157046.0,1484.57,2048150.0,1470.58,60655.27498401618,False,False,False,False,False,155
21,59.46141767003128,-48.61886936973327,592914531496244385,2024113000205,u,2311.72,1568.87,473296.0,1495.55,60645.150006197844,False,False,False,False,False,155
22,59.46141767003128,-48.61886936973327,592914531496244385,2024120800430,z,-20778.1,2138.8,2377060.0,2085.76,60653.23821544557,False,False,False,False,False,155
23,59.46141767003128,-48.61886936973327,592914531496244385,2024112500285,i,260802.0,1877.83,2332920.0,1776.08,60640.23642416093,False,False,False,False,False,155
24,59.46141767003128,-48.61886936973327,592914531496244385,2024112500282,i,236905.0,1878.06,2301190.0,1753.63,60640.23466050343,False,False,False,False,False,155
25,59.46141767003128,-48.61886936973327,592914531496244385,2024112500303,r,206874.0,1478.67,2033180.0,1447.95,60640.24948010988,False,False,False,False,False,155
26,59.46141767003128,-48.61886936973327,592914531496244385,2024112500296,y,-13776.6,3406.42,2330410.0,3182.43,60640.243882847324,False,False,False,False,False,155
27,59.46141767003128,-48.61886936973327,592914531496244385,2024121000481,g,-18496.7,1249.07,1405770.0,1218.05,60655.278236736,False,False,False,False,False,155
28,59.46141767003128,-48.61886936973327,592914531496244385,2024112500305,r,225401.0,1567.23,2052700.0,1527.4,60640.25067439812,False,False,False,False,False,155
29,59.46141767003128,-48.61886936973327,592914531496244385,2024112500304,r,225375.0,1515.9,2058200.0,1480.35,60640.25008484382,False,False,False,False,False,155
30,59.46141767003128,-48.61886936973327,592914531496244385,2024112500286,i,-1276930.0,931.886,811885.0,838.234,60640.23703081017,False,True,True,True,True,155
31,59.46141767003128,-48.61886936973327,592914531496244385,2024112500292,y,43219.8,3432.65,2337810.0,3201.98,60640.24142704274,False,False,False,False,False,155
32,59.46141767003128,-48.61886936973327,592914531496244385,2024111700355,z,7228.58,2008.89,2333670.0,1957.36,60632.24592346066,False,False,False,False,False,155
33,59.46141767003128,-48.61886936973327,592914531496244385,2024111700359,z,-449.47,2063.95,2341920.0,2002.94,60632.24851064241,False,False,False,False,False,155
34,59.46141767003128,-48.61886936973327,592914531496244385,2024111700346,i,183280.0,1680.4,2279960.0,1634.49,60632.23675812498,False,False,False,False,False,155
35,59.46141767003128,-48.61886936973327,592914531496244385,2024111900356,y,-14533.2,3851.76,2318870.0,3734.37,60634.320749948,False,False,False,False,False,155
36,59.46141767003128,-48.61886936973327,592914531496244385,2024112500229,r,192420.0,1513.26,2074410.0,1478.93,60640.19162415518,False,False,False,False,False,155
37,59.46141767003128,-48.61886936973327,592914531496244385,2024112500227,r,221322.0,1515.28,2092530.0,1476.17,60640.187460381974,False,False,False,False,False,155
38,59.46141767003128,-48.61886936973327,592914531496244385,2024111900340,r,202379.0,1503.17,2056340.0,1490.48,60634.309843252304,False,False,False,False,False,155
39,59.46141767003128,-48.61886936973327,592914531496244385,2024111900338,r,180662.0,1543.02,2058310.0,1527.9,60634.30866569436,False,False,False,False,False,155
40,59.46141767003128,-48.61886936973327,592914531496244385,2024111700343,r,206505.0,1477.92,2052080.0,1473.23,60632.23420483213,False,False,False,False,False,155
41,59.46141767003128,-48.61886936973327,592914531496244385,2024112500307,r,192628.0,1418.17,2066030.0,1390.33,60640.25197463542,False,False,False,False,False,155
42,59.46141767003128,-48.61886936973327,592914531496244385,2024121000456,g,8718.95,1196.46,1440720.0,1175.82,60655.26739571176,True,False,False,False,False,155
43,59.46141767003128,-48.61886936973327,592914531496244385,2024112500291,y,-11437.6,3545.29,2344010.0,3336.68,60640.24086277203,False,False,False,False,False,155
44,59.46141767003128,-48.61886936973327,592914531496244385,2024112500301,i,204813.0,1723.62,2273180.0,1612.43,60640.24761087386,False,False,False,False,False,155
45,59.46141767003128,-48.61886936973327,592914531496244385,2024112500299,i,209996.0,1708.77,2276520.0,1619.21,60640.24641576958,False,False,False,False,False,155
46,59.46141767003128,-48.61886936973327,592914531496244385,2024120800433,z,-24210.0,2150.5,2318620.0,2092.25,60653.23939341445,False,False,False,False,False,155
47,59.46141767003128,-48.61886936973327,592914531496244385,2024120800424,g,-14972.7,1190.8,1410630.0,1171.33,60653.235190995474,False,False,False,False,False,155
48,59.46141767003128,-48.61886936973327,592914531496244385,2024120800438,z,24785.1,2166.47,2339220.0,2114.36,60653.24136311339,False,False,False,False,False,155
49,59.46141767003128,-48.61886936973327,592914531496244385,2024120800440,z,103.647,2199.89,2339970.0,2141.41,60653.24213791669,False,False,False,False,False,155
50,59.46141767003128,-48.61886936973327,592914531496244385,2024120800436,z,-50181.8,2158.32,2371470.0,2117.88,60653.240582002225,False,False,False,False,False,155
51,59.46141767003128,-48.61886936973327,592914531496244385,2024120800437,z,16585.1,2142.31,2343780.0,2083.69,60653.24097100687,False,False,False,False,False,155
52,59.46141767003128,-48.61886936973327,592914531496244385,2024120200356,r,149941.0,1424.86,2041010.0,1403.74,60647.32153060759,False,False,False,False,False,155
53,59.46141767003128,-48.61886936973327,592914531496244385,2024120200357,r,127175.0,1408.3,2030700.0,1383.51,60647.322026672555,True,False,False,False,False,155
54,59.46141767003128,-48.61886936973327,592914531496244385,2024120200084,g,-19010.8,1162.27,1401320.0,1136.4,60647.125292534736,False,False,False,False,False,155
55,59.46141767003128,-48.61886936973327,592914531496244385,2024121000454,r,181614.0,1494.54,2046970.0,1484.44,60655.26627971641,False,False,False,False,False,155
56,59.46141767003128,-48.61886936973327,592914531496244385,2024120800420,r,202270.0,1448.94,2056240.0,1426.36,60653.2331529167,False,False,False,False,False,155
57,59.46141767003128,-48.61886936973327,592914531496244385,2024120800421,g,-3500.45,1193.94,1415760.0,1172.29,60653.23401020255,False,False,False,False,False,155
58,59.46141767003128,-48.61886936973327,592914531496244385,2024120800417,r,208554.0,1500.41,2063320.0,1469.25,60653.23198685178,False,False,False,False,False,155
59,59.46141767003128,-48.61886936973327,592914531496244385,2024120800442,z,890.498,2180.74,2327750.0,2123.42,60653.24292451958,False,False,False,False,False,155
60,59.46141767003128,-48.61886936973327,592914531496244385,2024120800418,r,195546.0,1465.62,2037790.0,1434.12,60653.23237214688,False,False,False,False,False,155
61,59.46141767003128,-48.61886936973327,592914531496244385,2024111700354,z,13664.1,2095.94,2325190.0,2049.94,60632.24524986687,False,False,False,False,False,155
62,59.46141767003128,-48.61886936973327,592914531496244385,2024111700347,i,194476.0,1735.36,2286310.0,1685.68,60632.23736594916,False,False,False,False,False,155
63,59.46141767003128,-48.61886936973327,592914531496244385,2024121000467,r,186740.0,3298.8,2054570.0,3317.86,60655.27210960071,False,False,False,False,False,155
64,59.46141767003128,-48.61886936973327,592914531496244385,2024111700348,i,176671.0,1682.69,2287770.0,1636.43,60632.23796203695,False,False,False,False,False,155
65,59.46141767003128,-48.61886936973327,592914531496244385,2024111700362,i,205671.0,1733.82,2290660.0,1647.23,60632.2510115566,False,False,False,False,False,155
66,59.46141767003128,-48.61886936973327,592914531496244385,2024111700365,r,194943.0,1388.35,2003320.0,1361.37,60632.25342745362,False,False,False,False,False,155
67,59.46141767003128,-48.61886936973327,592914531496244385,2024111700364,i,193740.0,1740.47,2292030.0,1675.52,60632.25224596649,False,False,False,False,False,155
68,59.46141767003128,-48.61886936973327,592914531496244385,2024121000470,r,180480.0,1637.16,2025040.0,1626.13,60655.273285029,False,False,False,False,False,155
69,59.46141767003128,-48.61886936973327,592914531496244385,2024121000478,g,-8889.98,1238.6,1404650.0,1216.81,60655.27691759268,False,False,False,False,False,155
70,59.46141767003128,-48.61886936973327,592914531496244385,2024121000477,g,8399.78,1220.33,1408170.0,1196.99,60655.27653196767,False,False,False,False,False,155
71,59.46141767003128,-48.61886936973327,592914531496244385,2024120800441,z,-11773.7,2110.09,2337680.0,2054.1,60653.242534589204,False,False,False,False,False,155
72,59.46141767003128,-48.61886936973327,592914531496244385,2024121000468,r,171728.0,3101.59,2100050.0,3119.36,60655.27250134263,False,False,False,False,False,155
73,59.46141767003128,-48.61886936973327,592914531496244385,2024111700341,r,204487.0,1433.57,2049430.0,1421.23,60632.23294782397,False,False,False,False,False,155
74,59.46141767003128,-48.61886936973327,592914531496244385,2024111700345,i,186564.0,1721.5,2284520.0,1673.97,60632.23618403932,False,False,False,False,False,155
75,59.46141767003128,-48.61886936973327,592914531496244385,2024111700340,r,207266.0,1435.91,2070220.0,1425.93,60632.23233745366,False,False,False,False,False,155
76,59.46141767003128,-48.61886936973327,592914531496244385,2024111900352,y,-46276.6,3990.15,2337700.0,3802.36,60634.31839361685,False,False,False,False,False,155
77,59.46141767003128,-48.61886936973327,592914531496244385,2024111900345,i,195252.0,1820.99,2285010.0,1766.06,60634.313423541724,False,False,False,False,False,155
78,59.46141767003128,-48.61886936973327,592914531496244385,2024112500228,r,201739.0,1468.35,2061060.0,1431.32,60640.18831898729,False,False,False,False,False,155
79,59.46141767003128,-48.61886936973327,592914531496244385,2024121000457,g,-24345.9,1187.04,1406920.0,1167.99,60655.267783460666,False,False,False,False,False,155
80,59.46141767003128,-48.61886936973327,592914531496244385,2024111900357,y,1344.05,3947.53,2328760.0,3817.12,60634.321332181826,False,False,False,False,False,155
81,59.46141767003128,-48.61886936973327,592914531496244385,2024111900355,y,-4641.22,3994.42,2319210.0,3765.62,60634.320157476905,False,False,False,False,False,155
82,59.46141767003128,-48.61886936973327,592914531496244385,2024111700370,r,212462.0,1448.99,2049500.0,1428.42,60632.25665154515,False,False,False,False,False,155
83,59.46141767003128,-48.61886936973327,592914531496244385,2024111700366,r,162895.0,1427.7,2046800.0,1415.86,60632.25402895824,False,False,False,False,False,155
84,59.46141767003128,-48.61886936973327,592914531496244385,2024121000461,g,-21765.1,1205.79,1414330.0,1181.25,60655.26940018511,False,False,False,False,False,155
85,59.46141767003128,-48.61886936973327,592914531496244385,2024111700367,r,209172.0,1443.52,2048010.0,1427.02,60632.25463130792,False,False,False,False,False,155
86,59.46141767003128,-48.61886936973327,592914531496244385,2024111900341,r,198199.0,1452.74,2044020.0,1441.49,60634.3104290451,False,False,False,False,False,155
87,59.46141767003128,-48.61886936973327,592914531496244385,2024111800086,z,-9357.03,2019.56,2362090.0,1964.27,60633.091769288076,False,False,False,False,False,155
88,59.46141767003128,-48.61886936973327,592914531496244385,2024111800076,r,157213.0,1438.91,2029350.0,1404.57,60633.07763523725,False,False,False,False,False,155
89,59.46141767003128,-48.61886936973327,592914531496244385,2024111800080,z,-28653.3,2022.26,2341580.0,1973.15,60633.08815177666,False,False,False,False,False,155
90,59.46141767003128,-48.61886936973327,592914531496244385,2024111800094,r,208461.0,1412.39,2009660.0,1390.66,60633.097900167835,False,False,False,False,False,155
91,59.46141767003128,-48.61886936973327,592914531496244385,2024111800095,r,197011.0,1449.41,2064550.0,1422.76,60633.09849227429,False,False,False,False,False,155
92,59.46141767003128,-48.61886936973327,592914531496244385,2024120800419,r,187592.0,1490.44,2050510.0,1461.79,60653.232760752275,False,False,False,False,False,155
93,59.46141767003128,-48.61886936973327,592914531496244385,2024111800091,i,197766.0,1710.33,2286180.0,1632.94,60633.09551712967,False,False,False,False,False,155
94,59.46141767003128,-48.61886936973327,592914531496244385,2024112600151,g,-5842.34,1397.41,1439250.0,1367.81,60641.099290272075,False,False,False,False,False,155
95,59.46141767003128,-48.61886936973327,592914531496244385,2024112600144,r,-1488100.0,627.562,168598.0,294.255,60641.09443222803,False,True,True,True,True,155
96,59.46141767003128,-48.61886936973327,592914531496244385,2024111800108,z,14410.0,2052.21,2329880.0,1983.05,60633.11138189238,False,False,False,False,False,155
97,59.46141767003128,-48.61886936973327,592914531496244385,2024112600150,g,-30571.7,1275.19,1418180.0,1271.43,60641.098724832074,False,False,False,False,False,155
98,59.46141767003128,-48.61886936973327,592914531496244385,2024112600146,r,-1644660.0,463.596,-6.00099,106.479,60641.09563521993,True,True,True,True,True,155
99,59.46141767003128,-48.61886936973327,592914531496244385,2024121000459,g,-1408.2,1203.17,1403390.0,1183.9,60655.26856155091,False,False,False,False,False,155
100,59.46141767003128,-48.61886936973327,592914531496244385,2024120200080,u,6705.91,1384.88,471954.0,1367.96,60647.12242351263,False,False,False,False,False,155
101,59.46141767003128,-48.61886936973327,592914531496244385,2024112600181,r,-1539690.0,442.837,-45.3939,100.682,60641.11988668975,True,True,True,True,True,155
102,59.46141767003128,-48.61886936973327,592914531496244385,2024112600145,r,-1412170.0,695.768,244868.0,402.957,60641.09504378479,False,True,True,True,True,155
103,59.46141767003128,-48.61886936973327,592914531496244385,2024112500284,i,232737.0,1803.64,2306060.0,1716.14,60640.23584289354,False,False,False,False,False,155
104,59.46141767003128,-48.61886936973327,592914531496244385,2024112500300,i,210155.0,1832.7,2290580.0,1717.41,60640.24700911454,False,False,False,False,False,155
105,59.46141767003128,-48.61886936973327,592914531496244385,2024112500248,r,208689.0,1532.57,2054240.0,1472.39,60640.210089143584,False,False,False,False,False,155
106,59.46141767003128,-48.61886936973327,592914531496244385,2024112600160,i,298821.0,2000.24,2351970.0,1866.79,60641.10546815391,False,False,False,False,False,155
107,59.46141767003128,-48.61886936973327,592914531496244385,2024112600152,g,-3706.21,1252.36,1403890.0,1236.28,60641.09990380214,False,False,False,False,False,155
108,59.46141767003128,-48.61886936973327,592914531496244385,2024111900353,y,-2321500.0,2230.2,-1662.32,2068.37,60634.31898380213,True,False,False,False,False,155
109,59.46141767003128,-48.61886936973327,592914531496244385,2024112500231,i,217745.0,1799.53,2283610.0,1688.1,60640.19658425935,False,False,False,False,False,155
110,59.46141767003128,-48.61886936973327,592914531496244385,2024111800103,i,178250.0,1697.82,2284490.0,1623.0,60633.10765399874,False,False,False,False,False,155
111,59.46141767003128,-48.61886936973327,592914531496244385,2024111800109,z,3607.52,2033.9,2331820.0,1963.24,60633.112274531166,False,False,False,False,False,155
112,59.46141767003128,-48.61886936973327,592914531496244385,2024112600147,r,-1483970.0,552.37,242805.0,364.315,60641.09620069439,False,True,True,True,True,155
113,59.46141767003128,-48.61886936973327,592914531496244385,2024111800106,z,-22843.3,1989.61,2303170.0,1937.82,60633.11021060754,False,False,False,False,False,155
114,59.46141767003128,-48.61886936973327,592914531496244385,2024112600155,g,-10266.1,1383.93,1406770.0,1354.62,60641.10164094916,True,False,False,False,False,155
115,59.46141767003128,-48.61886936973327,592914531496244385,2024112600153,g,-5530.27,1407.1,1411590.0,1390.28,60641.10047771987,False,False,False,False,False,155
116,59.46141767003128,-48.61886936973327,592914531496244385,2024112600154,g,-3030.6,1463.92,1393760.0,1440.27,60641.10104219902,False,False,False,False,False,155
117,59.46141767003128,-48.61886936973327,592914531496244385,2024111800090,i,192529.0,1694.02,2284070.0,1603.1,60633.094924490826,False,False,False,False,False,155
118,59.46141767003128,-48.61886936973327,592914531496244385,2024111800084,z,-8747.2,2036.76,2335570.0,1976.71,60633.09059598372,False,False,False,False,False,155
119,59.46141767003128,-48.61886936973327,592914531496244385,2024121000486,r,211277.0,2630.75,2082070.0,2643.51,60655.28053241907,False,False,False,False,False,155
120,59.46141767003128,-48.61886936973327,592914531496244385,2024111800085,z,2134.6,2110.16,2351110.0,2052.33,60633.09117693298,False,False,False,False,False,155
121,59.46141767003128,-48.61886936973327,592914531496244385,2024111800102,r,179391.0,1435.22,2050070.0,1404.26,60633.10276407987,False,False,False,False,False,155
122,59.46141767003128,-48.61886936973327,592914531496244385,2024111800096,r,184162.0,1423.12,2039970.0,1389.68,60633.0990881077,False,False,False,False,False,155
123,59.46141767003128,-48.61886936973327,592914531496244385,2024111800097,r,197776.0,1451.26,2049580.0,1418.1,60633.09971796286,False,False,False,False,False,155
124,59.46141767003128,-48.61886936973327,592914531496244385,2024111800083,z,10681.7,2027.44,2344190.0,1968.7,60633.09000991898,False,False,False,False,False,155
125,59.46141767003128,-48.61886936973327,592914531496244385,2024121000462,g,-3391.58,1201.56,1405410.0,1173.94,60655.26978963541,False,False,False,False,False,155
126,59.46141767003128,-48.61886936973327,592914531496244385,2024120200077,u,1048.4,1367.17,445966.0,1315.16,60647.1181857349,False,False,False,False,False,155
127,59.46141767003128,-48.61886936973327,592914531496244385,2024111800098,r,-1762910.0,176.899,107.526,144.459,60633.100372835586,True,False,False,False,False,155
128,59.46141767003128,-48.61886936973327,592914531496244385,2024111800092,i,189656.0,1695.89,2279890.0,1591.51,60633.09611905087,False,False,False,False,False,155
129,59.46141767003128,-48.61886936973327,592914531496244385,2024111800104,z,-12715.8,2016.39,2329540.0,1960.13,60633.10902665506,False,False,False,False,False,155
130,59.46141767003128,-48.61886936973327,592914531496244385,2024111800087,z,8222.58,2004.23,2324880.0,1948.21,60633.09237680547,False,False,False,False,False,155
131,59.46141767003128,-48.61886936973327,592914531496244385,2024112600179,r,-1443990.0,585.305,267624.0,383.21,60641.11794094908,False,True,True,True,True,155
132,59.46141767003128,-48.61886936973327,592914531496244385,2024112600180,r,-1321400.0,664.021,414167.0,481.514,60641.11900228016,False,True,True,True,True,155
133,59.46141767003128,-48.61886936973327,592914531496244385,2024112600156,g,3540.25,1539.51,1416700.0,1508.19,60641.10220710063,False,False,False,False,False,155
134,59.46141767003128,-48.61886936973327,592914531496244385,2024112600162,i,204488.0,1846.64,2276430.0,1715.65,60641.10663715847,False,False,False,False,False,155
135,59.46141767003128,-48.61886936973327,592914531496244385,2024112600170,g,-5549.85,1312.92,1425750.0,1274.35,60641.112009878474,False,False,False,False,False,155
136,59.46141767003128,-48.61886936973327,592914531496244385,2024112600183,r,-1430660.0,624.353,302077.0,410.859,60641.121511388934,False,True,True,True,True,155
137,59.46141767003128,-48.61886936973327,592914531496244385,2024120200067,r,194159.0,1521.38,2051650.0,1482.17,60647.109032922475,False,False,False,False,False,155
138,59.46141767003128,-48.61886936973327,592914531496244385,2024112600182,r,-1359220.0,649.754,363663.0,455.11,60641.120655659615,False,True,True,True,True,155
139,59.46141767003128,-48.61886936973327,592914531496244385,2024121000465,g,-5423.18,1466.4,1391300.0,1459.34,60655.27095459483,False,False,False,False,False,155
140,59.46141767003128,-48.61886936973327,592914531496244385,2024111800093,r,195214.0,1447.23,2007570.0,1422.12,60633.097306984855,False,False,False,False,False,155
141,59.46141767003128,-48.61886936973327,592914531496244385,2024111900351,y,-8773.5,3842.07,2309540.0,3621.58,60634.31778543981,False,False,False,False,False,155
142,59.46141767003128,-48.61886936973327,592914531496244385,2024111800107,z,-6785.86,1972.34,2311870.0,1922.73,60633.11080836815,False,False,False,False,False,155
143,59.46141767003128,-48.61886936973327,592914531496244385,2024111900339,r,153194.0,1488.87,2029960.0,1480.57,60634.309250613485,True,False,False,False,False,155
144,59.46141767003128,-48.61886936973327,592914531496244385,2024120800432,z,-175.092,2146.24,2341950.0,2101.84,60653.23900326388,False,False,False,False,False,155
145,59.46141767003128,-48.61886936973327,592914531496244385,2024120800431,z,-13632.2,2120.05,2317970.0,2066.38,60653.238608790605,False,False,False,False,False,155
146,59.46141767003128,-48.61886936973327,592914531496244385,2024111700342,r,-1213170.0,698.721,632928.0,689.701,60632.23354745939,False,True,True,True,True,155
147,59.46141767003128,-48.61886936973327,592914531496244385,2024120200091,r,182066.0,1509.16,2060160.0,1474.21,60647.13850777202,False,False,False,False,False,155
148,59.46141767003128,-48.61886936973327,592914531496244385,2024111800081,z,3959.62,1992.17,2328100.0,1938.12,60633.088718205996,False,False,False,False,False,155
149,59.46141767003128,-48.61886936973327,592914531496244385,2024111700353,z,-6012.37,2056.93,2334210.0,2017.44,60632.244686707214,False,False,False,False,False,155
150,59.46141767003128,-48.61886936973327,592914531496244385,2024113000200,u,2659.45,1404.02,480512.0,1349.12,60645.14200637727,False,False,False,False,False,155
151,59.46141767003128,-48.61886936973327,592914531496244385,2024112600176,g,1760.27,1252.7,1410810.0,1234.07,60641.1155921065,False,False,False,False,False,155
152,59.46141767003128,-48.61886936973327,592914531496244385,2024120200074,u,1154.26,1360.13,466704.0,1327.3,60647.11406462382,False,False,False,False,False,155
153,59.46141767003128,-48.61886936973327,592914531496244385,2024120200082,g,5896.78,1125.61,1343600.0,1097.17,60647.12427491903,False,False,False,False,False,155
154,59.46141767003128,-48.61886936973327,592914531496244385,2024112600157,g,-7501.33,1363.56,1411130.0,1348.13,60641.102800167864,False,False,False,False,False,155
155,59.46141767003128,-48.61886936973327,592914531496244385,2024113000193,g,-3740.62,1163.72,1401300.0,1137.18,60645.1372070717,False,False,False,False,False,155
156,59.46141767003128,-48.61886936973327,592914531496244385,2024111900347,i,194962.0,1777.76,2274590.0,1728.81,60634.3146135705,False,False,False,False,False,155
157,59.46141767003128,-48.61886936973327,592914531496244385,2024112600184,r,-1455080.0,599.031,209564.0,333.788,60641.122313628555,False,True,True,True,True,155
158,59.46141767003128,-48.61886936973327,592914531496244385,2024113000188,r,169570.0,1489.43,2047580.0,1466.05,60645.13382923028,False,False,False,False,False,155
159,59.46141767003128,-48.61886936973327,592914531496244385,2024113000187,r,172424.0,1462.69,2053550.0,1440.33,60645.13324269102,False,False,False,False,False,155
160,59.46141767003128,-48.61886936973327,592914531496244385,2024120200061,g,-2272.55,1178.37,1403270.0,1142.79,60647.10453125577,False,False,False,False,False,155
161,59.46141767003128,-48.61886936973327,592914531496244385,2024113000201,u,3080.54,1447.85,467387.0,1373.96,60645.142602343825,False,False,False,False,False,155
162,59.46141767003128,-48.61886936973327,592914531496244385,2024112500295,y,-14358.8,3485.17,2339900.0,3253.69,60640.24329147559,False,False,False,False,False,155
163,59.46141767003128,-48.61886936973327,592914531496244385,2024112600164,i,-1605440.0,1029.43,363442.0,522.733,60641.10781050936,False,True,True,True,True,155
164,59.46141767003128,-48.61886936973327,592914531496244385,2024112600163,i,-1477890.0,1071.56,532172.0,645.524,60641.10724596635,False,True,True,True,True,155
165,59.46141767003128,-48.61886936973327,592914531496244385,2024112600177,g,4617.45,1235.34,1423400.0,1217.31,60641.116185746505,False,False,False,False,False,155
166,59.46141767003128,-48.61886936973327,592914531496244385,2024112600172,g,-2282.97,1238.9,1406800.0,1215.57,60641.11323300339,False,False,False,False,False,155
167,59.46141767003128,-48.61886936973327,592914531496244385,2024112600175,g,9159.19,1227.57,1415060.0,1209.47,60641.115001192185,False,False,False,False,False,155
168,59.46141767003128,-48.61886936973327,592914531496244385,2024120200086,r,162588.0,1483.41,2051420.0,1445.29,60647.1286799596,False,False,False,False,False,155
169,59.46141767003128,-48.61886936973327,592914531496244385,2024120200069,r,175465.0,1485.69,2040090.0,1455.12,60647.11064415507,False,False,False,False,False,155
170,59.46141767003128,-48.61886936973327,592914531496244385,2024120200075,u,-1628.28,1417.27,458736.0,1366.17,60647.11479737276,True,False,False,False,False,155
171,59.46141767003128,-48.61886936973327,592914531496244385,2024120200079,u,3069.5,1379.78,462859.0,1330.08,60647.12027825233,False,False,False,False,False,155
172,59.46141767003128,-48.61886936973327,592914531496244385,2024120200071,u,1534.33,1387.08,471611.0,1345.34,60647.112278113476,False,False,False,False,False,155
173,59.46141767003128,-48.61886936973327,592914531496244385,2024120200088,r,197471.0,1488.71,2076190.0,1455.18,60647.130529380796,False,False,False,False,False,155
174,59.46141767003128,-48.61886936973327,592914531496244385,2024120200064,g,-3962.69,1176.62,1396980.0,1149.36,60647.106373327464,False,False,False,False,False,155
175,59.46141767003128,-48.61886936973327,592914531496244385,2024120200062,g,-163.931,1189.0,1397460.0,1157.39,60647.10530661459,False,False,False,False,False,155
176,59.46141767003128,-48.61886936973327,592914531496244385,2024111700358,z,-99.1167,2054.03,2334300.0,2000.3,60632.247887540434,False,False,False,False,False,155
177,59.46141767003128,-48.61886936973327,592914531496244385,2024120200087,r,167079.0,1464.6,2065070.0,1434.42,60647.12918206029,False,False,False,False,False,155
178,59.46141767003128,-48.61886936973327,592914531496244385,2024120200066,r,251397.0,1553.96,2053440.0,1511.57,60647.10805740158,False,False,False,False,False,155
0,59.411042153945715,-48.468456282359796,592915218691010728,2024111900340,r,-492504.0,1285.75,1855930.0,1264.43,60634.309843252304,False,True,True,True,True,99
1,59.411042153945715,-48.468456282359796,592915218691010728,2024111900338,r,302188.0,1719.46,2694910.0,1700.09,60634.30866569436,False,False,False,False,False,99
2,59.411042153945715,-48.468456282359796,592915218691010728,2024120200357,r,261061.0,1713.23,2682720.0,1664.98,60647.322026672555,False,False,False,False,False,99
3,59.411042153945715,-48.468456282359796,592915218691010728,2024111900353,y,-23989.5,4730.33,3276510.0,4402.66,60634.31898380213,False,False,False,False,False,99
4,59.411042153945715,-48.468456282359796,592915218691010728,2024111900341,r,-803556.0,1148.49,1581310.0,1127.55,60634.3104290451,False,True,True,True,True,99
5,59.411042153945715,-48.468456282359796,592915218691010728,2024111900352,y,7474.85,4943.26,3301550.0,4509.82,60634.31839361685,False,False,False,False,False,99
6,59.411042153945715,-48.468456282359796,592915218691010728,2024111700355,z,11459.0,2474.46,3236780.0,2400.48,60632.24592346066,False,False,False,False,False,99
7,59.411042153945715,-48.468456282359796,592915218691010728,2024111700359,z,-8098.35,2505.83,3248090.0,2425.45,60632.24851064241,False,False,False,False,False,99
8,59.411042153945715,-48.468456282359796,592915218691010728,2024120800417,r,-944176.0,1149.52,1392620.0,1062.6,60653.23198685178,False,True,True,True,True,99
9,59.411042153945715,-48.468456282359796,592915218691010728,2024111700346,i,581513.0,2053.1,3103290.0,1947.59,60632.23675812498,False,False,False,False,False,99
10,59.411042153945715,-48.468456282359796,592915218691010728,2024111700370,r,-933314.0,1088.9,1380750.0,1001.86,60632.25665154515,False,True,True,True,True,99
11,59.411042153945715,-48.468456282359796,592915218691010728,2024111700365,r,-1206460.0,1061.23,1166330.0,932.272,60632.25342745362,False,True,True,True,True,99
12,59.411042153945715,-48.468456282359796,592915218691010728,2024111700361,i,626440.0,2066.46,3110300.0,1939.84,60632.25040551493,False,False,False,False,False,99
13,59.411042153945715,-48.468456282359796,592915218691010728,2024112500298,i,-549522.0,1515.56,1909250.0,1348.38,60640.245823460675,False,True,True,True,True,99
14,59.411042153945715,-48.468456282359796,592915218691010728,2024112500302,r,-1439220.0,817.673,901568.0,749.225,60640.24887174193,False,True,True,True,True,99
15,59.411042153945715,-48.468456282359796,592915218691010728,2024112500296,y,-33612.6,4283.13,3284620.0,3896.11,60640.243882847324,False,False,False,False,False,99
16,59.411042153945715,-48.468456282359796,592915218691010728,2024113000189,r,273751.0,1632.0,2665840.0,1606.73,60645.134400694544,False,False,False,False,False,99
17,59.411042153945715,-48.468456282359796,592915218691010728,2024120200356,r,293204.0,1770.19,2700000.0,1709.38,60647.32153060759,False,False,False,False,False,99
18,59.411042153945715,-48.468456282359796,592915218691010728,2024112500307,r,-1434940.0,813.254,885316.0,730.376,60640.25197463542,False,True,True,True,True,99
19,59.411042153945715,-48.468456282359796,592915218691010728,2024112500226,r,-1332390.0,860.392,986400.0,784.29,60640.18602427093,False,True,True,True,True,99
20,59.411042153945715,-48.468456282359796,592915218691010728,2024111900354,y,-10677.9,4955.07,3315220.0,4491.44,60634.319577066,False,False,False,False,False,99
21,59.411042153945715,-48.468456282359796,592915218691010728,2024112500291,y,-30447.9,4419.7,3315850.0,3943.35,60640.24086277203,False,False,False,False,False,99
22,59.411042153945715,-48.468456282359796,592915218691010728,2024112500228,r,-1593600.0,873.531,675742.0,633.453,60640.18831898729,False,True,True,True,True,99
23,59.411042153945715,-48.468456282359796,592915218691010728,2024112500227,r,-1102110.0,991.378,1266350.0,935.835,60640.187460381974,False,True,True,True,True,99
24,59.411042153945715,-48.468456282359796,592915218691010728,2024113000201,u,1008.06,1657.78,573844.0,1570.81,60645.142602343825,False,False,False,False,False,99
25,59.411042153945715,-48.468456282359796,592915218691010728,2024120200063,g,7429.49,1374.78,1772130.0,1324.59,60647.10585469322,False,False,False,False,False,99
26,59.411042153945715,-48.468456282359796,592915218691010728,2024113000192,g,5032.7,1358.09,1784810.0,1302.04,60645.13644765614,False,False,False,False,False,99
27,59.411042153945715,-48.468456282359796,592915218691010728,2024121000454,r,280035.0,1828.49,2690870.0,1800.36,60655.26627971641,False,False,False,False,False,99
28,59.411042153945715,-48.468456282359796,592915218691010728,2024113000188,r,331335.0,1760.32,2717340.0,1711.86,60645.13382923028,False,False,False,False,False,99
29,59.411042153945715,-48.468456282359796,592915218691010728,2024113000195,g,19955.0,1301.6,1702190.0,1267.72,60645.13824357635,False,False,False,False,False,99
30,59.411042153945715,-48.468456282359796,592915218691010728,2024113000197,u,7963.1,1653.92,568161.0,1579.03,60645.14005376733,False,False,False,False,False,99
31,59.411042153945715,-48.468456282359796,592915218691010728,2024113000194,g,12138.4,1356.98,1787680.0,1317.49,60645.13770823498,False,False,False,False,False,99
32,59.411042153945715,-48.468456282359796,592915218691010728,2024120200088,r,311991.0,1729.39,2708360.0,1692.56,60647.130529380796,False,False,False,False,False,99
33,59.411042153945715,-48.468456282359796,592915218691010728,2024120800423,g,8109.45,1394.63,1760070.0,1361.64,60653.23479693296,False,False,False,False,False,99
34,59.411042153945715,-48.468456282359796,592915218691010728,2024121000468,r,307578.0,3629.13,2786650.0,3648.64,60655.27250134263,False,False,False,False,False,99
35,59.411042153945715,-48.468456282359796,592915218691010728,2024120800422,g,853.622,1397.69,1775780.0,1362.35,60653.23440171298,False,False,False,False,False,99
36,59.411042153945715,-48.468456282359796,592915218691010728,2024120200075,u,1373.23,1650.57,557646.0,1586.04,60647.11479737276,False,False,False,False,False,99
37,59.411042153945715,-48.468456282359796,592915218691010728,2024120200071,u,1182.65,1617.11,567965.0,1559.72,60647.112278113476,True,False,False,False,False,99
38,59.411042153945715,-48.468456282359796,592915218691010728,2024120800418,r,343179.0,1790.48,2694120.0,1727.35,60653.23237214688,False,False,False,False,False,99
39,59.411042153945715,-48.468456282359796,592915218691010728,2024120200083,g,2778.6,1313.37,1771670.0,1280.86,60647.12477818855,False,False,False,False,False,99
40,59.411042153945715,-48.468456282359796,592915218691010728,2024120200086,r,354455.0,1696.01,2575280.0,1598.71,60647.1286799596,False,False,False,False,False,99
41,59.411042153945715,-48.468456282359796,592915218691010728,2024111700353,z,24311.5,2479.51,3199050.0,2354.31,60632.244686707214,True,False,False,False,False,99
42,59.411042153945715,-48.468456282359796,592915218691010728,2024111700354,z,3249.13,2477.98,3229800.0,2385.79,60632.24524986687,False,False,False,False,False,99
43,59.411042153945715,-48.468456282359796,592915218691010728,2024111700363,i,684839.0,2132.79,3131590.0,1988.84,60632.25165219317,False,False,False,False,False,99
44,59.411042153945715,-48.468456282359796,592915218691010728,2024111700358,z,-31776.9,2480.71,3221690.0,2413.58,60632.247887540434,False,False,False,False,False,99
45,59.411042153945715,-48.468456282359796,592915218691010728,2024111700343,r,335898.0,1762.06,2726380.0,1748.78,60632.23420483213,False,False,False,False,False,99
46,59.411042153945715,-48.468456282359796,592915218691010728,2024111700345,i,628139.0,2072.67,3089070.0,1985.09,60632.23618403932,False,False,False,False,False,99
47,59.411042153945715,-48.468456282359796,592915218691010728,2024111700342,r,418411.0,1799.6,2686390.0,1722.03,60632.23354745939,False,False,False,False,False,99
48,59.411042153945715,-48.468456282359796,592915218691010728,2024111700348,i,593688.0,2045.82,3114080.0,1962.32,60632.23796203695,False,False,False,False,False,99
49,59.411042153945715,-48.468456282359796,592915218691010728,2024111700347,i,587607.0,2094.98,3094440.0,1980.35,60632.23736594916,False,False,False,False,False,99
50,59.411042153945715,-48.468456282359796,592915218691010728,2024111900345,i,-1538760.0,1064.82,919694.0,912.185,60634.313423541724,False,True,True,True,True,99
51,59.411042153945715,-48.468456282359796,592915218691010728,2024111900355,y,-30616.2,4810.8,3264190.0,4373.07,60634.320157476905,False,False,False,False,False,99
52,59.411042153945715,-48.468456282359796,592915218691010728,2024111900344,i,-1572970.0,1598.42,803630.0,846.868,60634.31283745363,False,True,True,True,True,99
53,59.411042153945715,-48.468456282359796,592915218691010728,2024111900347,i,740530.0,2215.59,3144310.0,2133.03,60634.3146135705,False,False,False,True,False,99
54,59.411042153945715,-48.468456282359796,592915218691010728,2024112500290,y,-24339.5,4319.64,3303870.0,3817.19,60640.24026034728,False,False,False,False,False,99
55,59.411042153945715,-48.468456282359796,592915218691010728,2024111700364,i,672783.0,2109.74,3112860.0,1970.77,60632.25224596649,False,False,False,False,False,99
56,59.411042153945715,-48.468456282359796,592915218691010728,2024111700367,r,-1056500.0,1118.91,1285700.0,993.805,60632.25463130792,False,True,True,True,True,99
57,59.411042153945715,-48.468456282359796,592915218691010728,2024120800431,z,-7721.81,2630.48,3198770.0,2547.62,60653.238608790605,False,False,False,False,False,99
58,59.411042153945715,-48.468456282359796,592915218691010728,2024120800429,z,4375.16,2636.98,3258440.0,2526.35,60653.237827905046,True,False,False,False,False,99
59,59.411042153945715,-48.468456282359796,592915218691010728,2024120800430,z,-7394.54,2619.45,3248260.0,2534.48,60653.23821544557,False,False,False,False,False,99
60,59.411042153945715,-48.468456282359796,592915218691010728,2024112500301,i,-783625.0,1484.08,1688570.0,1240.73,60640.24761087386,False,True,True,True,True,99
61,59.411042153945715,-48.468456282359796,592915218691010728,2024120800432,z,33957.5,2721.41,3236960.0,2672.21,60653.23900326388,False,False,False,False,False,99
62,59.411042153945715,-48.468456282359796,592915218691010728,2024120200074,u,6575.71,1572.24,574716.0,1512.63,60647.11406462382,False,False,False,False,False,99
63,59.411042153945715,-48.468456282359796,592915218691010728,2024120200082,g,-19545.1,1062.84,1351940.0,1004.32,60647.12427491903,False,False,False,False,False,99
64,59.411042153945715,-48.468456282359796,592915218691010728,2024113000200,u,3992.77,1597.59,582378.0,1514.26,60645.14200637727,False,False,False,False,False,99
65,59.411042153945715,-48.468456282359796,592915218691010728,2024120800416,r,-1079450.0,1020.23,1183580.0,908.166,60653.23159967009,True,True,True,True,True,99
66,59.411042153945715,-48.468456282359796,592915218691010728,2024120800421,g,-47798.5,1305.26,1701090.0,1280.17,60653.23401020255,True,False,False,False,False,99
67,59.411042153945715,-48.468456282359796,592915218691010728,2024121000476,g,3858.74,1273.39,1622910.0,1249.45,60655.27614473948,False,False,False,False,False,99
68,59.411042153945715,-48.468456282359796,592915218691010728,2024121000477,g,-13328.9,1381.88,1782180.0,1351.59,60655.27653196767,True,False,False,False,False,99
69,59.411042153945715,-48.468456282359796,592915218691010728,2024121000470,r,352212.0,1944.67,2694180.0,1926.73,60655.273285029,False,False,False,False,False,99
70,59.411042153945715,-48.468456282359796,592915218691010728,2024111700341,r,368516.0,1740.26,2694270.0,1722.55,60632.23294782397,False,False,False,False,False,99
71,59.411042153945715,-48.468456282359796,592915218691010728,2024111700340,r,393451.0,1741.91,2685750.0,1692.1,60632.23233745366,False,False,False,False,False,99
72,59.411042153945715,-48.468456282359796,592915218691010728,2024120800439,z,-7956.86,2596.92,3212860.0,2492.24,60653.24174804981,False,False,False,False,False,99
73,59.411042153945715,-48.468456282359796,592915218691010728,2024120800436,z,-8119.19,2650.62,3240330.0,2559.22,60653.240582002225,False,False,False,False,False,99
74,59.411042153945715,-48.468456282359796,592915218691010728,2024120800438,z,-10613.3,2635.62,3243440.0,2527.78,60653.24136311339,False,False,False,False,False,99
75,59.411042153945715,-48.468456282359796,592915218691010728,2024121000457,g,-27893.8,1211.56,1567000.0,1191.42,60655.267783460666,False,False,False,False,False,99
76,59.411042153945715,-48.468456282359796,592915218691010728,2024121000466,r,377888.0,2206.11,2684840.0,2200.98,60655.27171942122,False,False,False,False,False,99
77,59.411042153945715,-48.468456282359796,592915218691010728,2024120800441,z,-7903.88,2669.18,3241920.0,2559.93,60653.242534589204,False,False,False,False,False,99
78,59.411042153945715,-48.468456282359796,592915218691010728,2024112500300,i,-1323830.0,1185.21,1070650.0,916.766,60640.24700911454,False,True,True,True,True,99
79,59.411042153945715,-48.468456282359796,592915218691010728,2024111800107,z,9873.67,2429.13,3239770.0,2346.77,60633.11080836815,False,False,False,False,False,99
80,59.411042153945715,-48.468456282359796,592915218691010728,2024121000472,r,356261.0,2023.81,2672510.0,1989.71,60655.27420061345,False,False,False,False,False,99
81,59.411042153945715,-48.468456282359796,592915218691010728,2024111800099,r,321974.0,1707.94,2744470.0,1657.66,60633.10095316548,False,False,False,False,False,99
82,59.411042153945715,-48.468456282359796,592915218691010728,2024111800100,r,335739.0,1697.89,2692200.0,1650.26,60633.101550827574,False,False,False,False,False,99
83,59.411042153945715,-48.468456282359796,592915218691010728,2024112600145,r,-1675760.0,1208.48,334028.0,473.567,60641.09504378479,False,True,True,True,True,99
84,59.411042153945715,-48.468456282359796,592915218691010728,2024111800109,z,-46504.8,2447.81,3240510.0,2358.18,60633.112274531166,False,False,False,False,False,99
85,59.411042153945715,-48.468456282359796,592915218691010728,2024111800091,i,640881.0,2118.36,3088310.0,1890.5,60633.09551712967,True,True,False,True,True,99
86,59.411042153945715,-48.468456282359796,592915218691010728,2024111800082,z,-1487.88,2412.9,3249350.0,2325.43,60633.08929839695,False,False,False,False,False,99
87,59.411042153945715,-48.468456282359796,592915218691010728,2024111800098,r,355064.0,1751.17,2732080.0,1699.77,60633.100372835586,False,False,False,False,False,99
88,59.411042153945715,-48.468456282359796,592915218691010728,2024111800093,r,359228.0,1768.75,2712910.0,1704.1,60633.097306984855,False,False,False,False,False,99
89,59.411042153945715,-48.468456282359796,592915218691010728,2024112600179,r,-1856730.0,967.387,218643.0,348.371,60641.11794094908,False,True,True,True,True,99
90,59.411042153945715,-48.468456282359796,592915218691010728,2024121000465,g,11963.2,1672.65,1793660.0,1663.08,60655.27095459483,False,False,False,False,False,99
91,59.411042153945715,-48.468456282359796,592915218691010728,2024112600178,g,28652.6,1486.51,1775840.0,1439.86,60641.11676954859,False,False,False,False,False,99
92,59.411042153945715,-48.468456282359796,592915218691010728,2024113000202,u,605.042,1483.17,534691.0,1408.11,60645.14493008672,False,False,False,False,False,99
93,59.411042153945715,-48.468456282359796,592915218691010728,2024113000206,u,1522.25,1558.95,540834.0,1459.81,60645.15334660873,False,False,False,False,False,99
94,59.411042153945715,-48.468456282359796,592915218691010728,2024112600181,r,-1300830.0,1107.97,761256.0,694.144,60641.11988668975,False,True,True,True,True,99
95,59.411042153945715,-48.468456282359796,592915218691010728,2024112600158,g,5538.42,1591.68,1796450.0,1529.99,60641.103449618124,True,False,False,False,False,99
96,59.411042153945715,-48.468456282359796,592915218691010728,2024112600149,g,9287.22,1625.7,1808070.0,1551.24,60641.09809124991,False,False,False,False,False,99
97,59.411042153945715,-48.468456282359796,592915218691010728,2024121000471,r,307194.0,2113.45,2619060.0,2064.17,60655.27381035869,False,False,False,False,False,99
98,59.411042153945715,-48.468456282359796,592915218691010728,2024112600157,g,23010.5,1693.78,1841300.0,1586.47,60641.102800167864,False,False,False,False,False,99
99,59.411042153945715,-48.468456282359796,592915218691010728,2024112600170,g,17932.5,1457.35,1789720.0,1403.65,60641.112009878474,True,False,False,False,False,99
100,59.411042153945715,-48.468456282359796,592915218691010728,2024112600159,i,-1679630.0,1641.9,455860.0,648.02,60641.10489407997,False,True,True,True,True,99
101,59.411042153945715,-48.468456282359796,592915218691010728,2024111800108,z,4200.41,2477.3,3254990.0,2376.42,60633.11138189238,False,False,False,False,False,99
102,59.411042153945715,-48.468456282359796,592915218691010728,2024111800104,z,5605.38,2410.45,3227090.0,2328.4,60633.10902665506,False,False,False,False,False,99
103,59.411042153945715,-48.468456282359796,592915218691010728,2024112600146,r,-1871560.0,1090.91,152802.0,302.634,60641.09563521993,False,True,True,True,True,99
104,59.411042153945715,-48.468456282359796,592915218691010728,2024112600147,r,-1893350.0,952.563,157336.0,299.04,60641.09620069439,False,True,True,True,True,99
105,59.411042153945715,-48.468456282359796,592915218691010728,2024112600144,r,-1830960.0,982.768,93477.8,238.095,60641.09443222803,False,True,True,True,True,99
106,59.411042153945715,-48.468456282359796,592915218691010728,2024111800084,z,30701.2,2467.16,3281990.0,2387.06,60633.09059598372,False,False,False,False,False,99
107,59.411042153945715,-48.468456282359796,592915218691010728,2024121000485,g,-49849.8,1369.38,1542310.0,1348.32,60655.27980853001,True,False,False,False,False,99
108,59.411042153945715,-48.468456282359796,592915218691010728,2024111800083,z,7472.94,2408.22,3250350.0,2316.22,60633.09000991898,False,False,False,False,False,99
109,59.411042153945715,-48.468456282359796,592915218691010728,2024121000484,g,7874.51,1622.52,1794310.0,1602.55,60655.27941398139,False,False,False,False,False,99
110,59.411042153945715,-48.468456282359796,592915218691010728,2024111800090,i,616374.0,2087.53,3080470.0,1891.93,60633.094924490826,True,False,False,False,False,99
111,59.411042153945715,-48.468456282359796,592915218691010728,2024120200076,u,-165.866,1499.77,542394.0,1420.84,60647.11742702552,False,False,False,False,False,99
112,59.411042153945715,-48.468456282359796,592915218691010728,2024112600182,r,-1831630.0,967.373,183790.0,317.159,60641.120655659615,False,True,True,True,True,99
113,59.411042153945715,-48.468456282359796,592915218691010728,2024120200067,r,-921092.0,1084.46,1400740.0,1032.91,60647.109032922475,False,True,True,True,True,99
114,59.411042153945715,-48.468456282359796,592915218691010728,2024121000473,r,292803.0,2237.26,2679690.0,2225.72,60655.274595636525,False,False,False,False,False,99
115,59.411042153945715,-48.468456282359796,592915218691010728,2024111800081,z,-5194.55,2468.45,3283030.0,2369.1,60633.088718205996,False,False,False,False,False,99
116,59.411042153945715,-48.468456282359796,592915218691010728,2024111800087,z,-3206540.0,710.901,-507.9,451.613,60633.09237680547,True,False,False,False,False,99
117,59.411042153945715,-48.468456282359796,592915218691010728,2024121000474,r,302194.0,1779.56,2648130.0,1767.06,60655.27498401618,False,False,False,False,False,99
118,59.411042153945715,-48.468456282359796,592915218691010728,2024111800076,r,349439.0,1717.54,2714760.0,1657.18,60633.07763523725,False,False,False,False,False,99
119,59.411042153945715,-48.468456282359796,592915218691010728,2024112600151,g,11375.6,1561.84,1785870.0,1517.99,60641.099290272075,False,False,False,False,False,99
120,59.411042153945715,-48.468456282359796,592915218691010728,2024112600150,g,-1375340.0,761.192,363400.0,467.721,60641.098724832074,False,True,True,True,True,99
121,59.411042153945715,-48.468456282359796,592915218691010728,2024121000481,g,62275.9,1493.9,1793820.0,1408.96,60655.278236736,False,False,False,False,False,99
122,59.411042153945715,-48.468456282359796,592915218691010728,2024112600180,r,-1906420.0,996.47,189462.0,330.148,60641.11900228016,False,True,True,True,True,99
123,59.411042153945715,-48.468456282359796,592915218691010728,2024112600153,g,-1175100.0,952.376,629451.0,719.889,60641.10047771987,False,True,True,True,True,99
124,59.411042153945715,-48.468456282359796,592915218691010728,2024112500285,i,-1735120.0,965.432,569295.0,652.866,60640.23642416093,False,True,True,True,True,99
125,59.411042153945715,-48.468456282359796,592915218691010728,2024112500306,r,415273.0,1965.88,2834210.0,1893.44,60640.25126176496,True,False,False,False,False,99
126,59.411042153945715,-48.468456282359796,592915218691010728,2024121000461,g,12834.7,1439.35,1793670.0,1375.42,60655.26940018511,False,False,False,False,False,99
127,59.411042153945715,-48.468456282359796,592915218691010728,2024112500284,i,-769135.0,1440.52,1589290.0,1217.21,60640.23584289354,False,True,True,True,True,99
128,59.411042153945715,-48.468456282359796,592915218691010728,2024112600177,g,21264.3,1500.79,1811720.0,1458.41,60641.116185746505,False,False,False,False,False,99
129,59.411042153945715,-48.468456282359796,592915218691010728,2024112600160,i,-1590540.0,1889.88,567196.0,672.621,60641.10546815391,False,True,True,True,True,99
130,59.411042153945715,-48.468456282359796,592915218691010728,2024112500248,r,-1005120.0,1116.33,1246040.0,964.722,60640.210089143584,False,True,True,True,True,99
131,59.411042153945715,-48.468456282359796,592915218691010728,2024112500231,i,577421.0,2612.33,3126290.0,1972.13,60640.19658425935,False,False,False,False,False,99
132,59.411042153945715,-48.468456282359796,592915218691010728,2024121000462,g,-3962.91,1257.65,1632710.0,1227.85,60655.26978963541,False,False,False,False,False,99
133,59.411042153945715,-48.468456282359796,592915218691010728,2024112500282,i,-1545200.0,1287.4,853456.0,813.038,60640.23466050343,False,True,True,True,True,99
134,59.411042153945715,-48.468456282359796,592915218691010728,2024112600172,g,19652.0,1517.61,1809470.0,1470.52,60641.11323300339,False,False,False,False,False,99
135,59.411042153945715,-48.468456282359796,592915218691010728,2024112600176,g,-1404620.0,637.272,372388.0,460.195,60641.1155921065,False,True,True,True,True,99
136,59.411042153945715,-48.468456282359796,592915218691010728,2024112600174,g,-1071210.0,827.209,696038.0,695.295,60641.11442013896,False,True,True,True,True,99
137,59.411042153945715,-48.468456282359796,592915218691010728,2024112600175,g,-1274960.0,662.251,482294.0,536.128,60641.115001192185,False,True,True,True,True,99
138,59.411042153945715,-48.468456282359796,592915218691010728,2024112600173,g,4594.9,1457.5,1797990.0,1405.07,60641.11382920141,False,False,False,False,False,99
139,59.411042153945715,-48.468456282359796,592915218691010728,2024112600164,i,-1872500.0,1776.59,143246.0,347.568,60641.10781050936,False,True,True,True,True,99
140,59.411042153945715,-48.468456282359796,592915218691010728,2024112600163,i,-1669650.0,1805.78,707305.0,737.999,60641.10724596635,False,True,True,True,True,99
141,59.411042153945715,-48.468456282359796,592915218691010728,2024112600171,g,33180.9,1468.19,1803840.0,1424.93,60641.11259898143,False,False,False,False,False,99
142,59.411042153945715,-48.468456282359796,592915218691010728,2024112600165,i,-1839560.0,1874.12,284486.0,467.655,60641.108448935265,False,True,True,True,True,99
143,59.411042153945715,-48.468456282359796,592915218691010728,2024121000459,g,6735.99,1380.34,1786180.0,1357.35,60655.26856155091,False,False,False,False,False,99
144,59.411042153945715,-48.468456282359796,592915218691010728,2024112600166,i,-1855770.0,1794.88,300077.0,474.423,60641.10903473369,False,True,True,True,True,99
145,59.411042153945715,-48.468456282359796,592915218691010728,2024111800089,i,600563.0,2037.68,3091940.0,1921.87,60633.094346944476,False,True,False,True,False,99
146,59.411042153945715,-48.468456282359796,592915218691010728,2024120200091,r,350170.0,1753.47,2697210.0,1706.8,60647.13850777202,False,False,False,False,False,99
147,59.411042153945715,-48.468456282359796,592915218691010728,2024121000463,g,3494.76,1482.46,1814090.0,1428.33,60655.27017704859,False,False,False,False,False,99
148,59.411042153945715,-48.468456282359796,592915218691010728,2024121000456,g,-4267.36,1370.28,1773320.0,1334.89,60655.26739571176,False,False,False,False,False,99
149,59.411042153945715,-48.468456282359796,592915218691010728,2024111900343,i,642899.0,2214.67,3118160.0,2125.04,60634.312271869276,True,False,False,False,False,99
150,59.411042153945715,-48.468456282359796,592915218691010728,2024113000187,r,319902.0,1776.86,2690190.0,1714.36,60645.13324269102,False,False,False,False,False,99
151,59.411042153945715,-48.468456282359796,592915218691010728,2024120200062,g,21183.4,1353.77,1769330.0,1316.58,60647.10530661459,False,False,False,False,False,99
152,59.411042153945715,-48.468456282359796,592915218691010728,2024120200066,r,-1525660.0,992.561,741570.0,682.488,60647.10805740158,False,True,True,True,True,99
153,59.411042153945715,-48.468456282359796,592915218691010728,2024120200061,g,8375.72,1381.42,1791800.0,1338.3,60647.10453125577,False,False,False,False,False,99
154,59.411042153945715,-48.468456282359796,592915218691010728,2024120200068,r,-657528.0,1245.22,1649590.0,1172.46,60647.109968854114,False,True,True,True,True,99
155,59.411042153945715,-48.468456282359796,592915218691010728,2024112600184,r,-1825040.0,939.416,136526.0,277.852,60641.122313628555,False,True,True,True,True,99
156,59.411042153945715,-48.468456282359796,592915218691010728,2024121000486,r,367610.0,3020.3,2742420.0,2996.62,60655.28053241907,False,False,False,False,False,99
157,59.411042153945715,-48.468456282359796,592915218691010728,2024120200358,r,232648.0,1716.67,2588360.0,1607.45,60647.322533842555,True,False,False,False,False,99
0,59.40620426605759,-48.36362689571838,592915218691018590,2024120200357,r,177669.0,1487.35,2035670.0,1445.02,60647.322026672555,False,False,False,False,False,72
1,59.40620426605759,-48.36362689571838,592915218691018590,2024111900338,r,162862.0,1476.67,2029430.0,1458.24,60634.30866569436,False,False,False,False,False,72
2,59.40620426605759,-48.36362689571838,592915218691018590,2024120200358,r,204437.0,1463.85,1960260.0,1403.27,60647.322533842555,True,False,False,False,False,72
3,59.40620426605759,-48.36362689571838,592915218691018590,2024111700359,z,12946.9,2122.12,2403410.0,2044.92,60632.24851064241,False,False,False,False,False,72
4,59.40620426605759,-48.36362689571838,592915218691018590,2024120800416,r,231031.0,1725.9,2049570.0,1552.51,60653.23159967009,False,False,False,False,False,72
5,59.40620426605759,-48.36362689571838,592915218691018590,2024112500296,y,-16066.3,3679.16,2397380.0,3334.42,60640.243882847324,False,False,False,False,False,72
6,59.40620426605759,-48.36362689571838,592915218691018590,2024111900354,y,-15308.5,4324.23,2382020.0,3794.63,60634.319577066,False,False,False,False,False,72
7,59.40620426605759,-48.36362689571838,592915218691018590,2024111900353,y,-54221.7,4200.72,2424580.0,3882.06,60634.31898380213,False,False,False,False,False,72
8,59.40620426605759,-48.36362689571838,592915218691018590,2024120200356,r,174912.0,1518.52,2051620.0,1465.59,60647.32153060759,False,False,False,False,False,72
9,59.40620426605759,-48.36362689571838,592915218691018590,2024113000201,u,-7189.7,1530.57,470058.0,1438.83,60645.142602343825,False,False,False,False,False,72
10,59.40620426605759,-48.36362689571838,592915218691018590,2024120800429,z,-4060.03,2277.84,2400490.0,2138.78,60653.237827905046,False,False,False,False,False,72
11,59.40620426605759,-48.36362689571838,592915218691018590,2024120200063,g,-8758.76,1218.97,1390440.0,1173.83,60647.10585469322,False,False,False,False,False,72
12,59.40620426605759,-48.36362689571838,592915218691018590,2024113000206,u,2569.28,1697.49,467631.0,1532.53,60645.15334660873,False,False,False,False,False,72
13,59.40620426605759,-48.36362689571838,592915218691018590,2024113000193,g,-2049.24,1216.68,1399480.0,1151.22,60645.1372070717,False,False,False,False,False,72
14,59.40620426605759,-48.36362689571838,592915218691018590,2024120200091,r,172597.0,1530.45,2051820.0,1468.67,60647.13850777202,False,False,False,False,False,72
15,59.40620426605759,-48.36362689571838,592915218691018590,2024120200086,r,206802.0,1518.71,2051190.0,1430.5,60647.1286799596,False,False,False,False,False,72
16,59.40620426605759,-48.36362689571838,592915218691018590,2024120800418,r,244196.0,1563.64,2061870.0,1506.44,60653.23237214688,False,False,False,False,False,72
17,59.40620426605759,-48.36362689571838,592915218691018590,2024120200074,u,-4389.85,1451.24,470314.0,1421.88,60647.11406462382,False,False,False,False,False,72
18,59.40620426605759,-48.36362689571838,592915218691018590,2024120200075,u,-291.164,1494.5,463647.0,1428.39,60647.11479737276,False,False,False,False,False,72
19,59.40620426605759,-48.36362689571838,592915218691018590,2024112500290,y,-68206.5,3733.53,2410540.0,3272.25,60640.24026034728,False,False,False,False,False,72
20,59.40620426605759,-48.36362689571838,592915218691018590,2024111700353,z,17727.4,2149.04,2412140.0,2036.7,60632.244686707214,False,False,False,False,False,72
21,59.40620426605759,-48.36362689571838,592915218691018590,2024111700348,i,279826.0,1802.57,2323100.0,1728.45,60632.23796203695,False,False,False,False,False,72
22,59.40620426605759,-48.36362689571838,592915218691018590,2024111700354,z,4935.34,2134.34,2399930.0,2053.32,60632.24524986687,False,False,False,False,False,72
23,59.40620426605759,-48.36362689571838,592915218691018590,2024111700341,r,212175.0,1493.18,2067580.0,1475.45,60632.23294782397,False,False,False,False,False,72
24,59.40620426605759,-48.36362689571838,592915218691018590,2024111700342,r,288373.0,1556.16,2070430.0,1470.05,60632.23354745939,False,False,False,False,False,72
25,59.40620426605759,-48.36362689571838,592915218691018590,2024111700347,i,278232.0,1794.61,2307970.0,1691.48,60632.23736594916,True,False,False,False,False,72
26,59.40620426605759,-48.36362689571838,592915218691018590,2024111700345,i,327095.0,1803.33,2338560.0,1724.6,60632.23618403932,False,False,False,False,False,72
27,59.40620426605759,-48.36362689571838,592915218691018590,2024111900344,i,312587.0,2173.96,2335750.0,1791.11,60634.31283745363,False,False,False,False,False,72
28,59.40620426605759,-48.36362689571838,592915218691018590,2024111900339,r,191057.0,1511.41,2038600.0,1477.9,60634.309250613485,False,False,False,False,False,72
29,59.40620426605759,-48.36362689571838,592915218691018590,2024111900351,y,-60127.4,4212.86,2392260.0,3760.17,60634.31778543981,False,False,False,False,False,72
30,59.40620426605759,-48.36362689571838,592915218691018590,2024111900352,y,-84624.9,4328.35,2426030.0,3767.4,60634.31839361685,False,False,False,False,False,72
31,59.40620426605759,-48.36362689571838,592915218691018590,2024111900345,i,291089.0,1906.99,2322430.0,1801.21,60634.313423541724,False,False,False,False,False,72
32,59.40620426605759,-48.36362689571838,592915218691018590,2024111700364,i,316423.0,1810.29,2327180.0,1684.66,60632.25224596649,False,False,False,False,False,72
33,59.40620426605759,-48.36362689571838,592915218691018590,2024111700365,r,212182.0,1521.8,2046810.0,1444.76,60632.25342745362,False,False,False,False,False,72
34,59.40620426605759,-48.36362689571838,592915218691018590,2024111700370,r,224346.0,1531.47,2063020.0,1482.43,60632.25665154515,False,False,False,False,False,72
35,59.40620426605759,-48.36362689571838,592915218691018590,2024120800430,z,9184.34,2256.56,2388630.0,2144.65,60653.23821544557,False,False,False,False,False,72
36,59.40620426605759,-48.36362689571838,592915218691018590,2024112500301,i,298732.0,1862.55,2310650.0,1662.72,60640.24761087386,False,False,False,False,False,72
37,59.40620426605759,-48.36362689571838,592915218691018590,2024120800432,z,4737.6,2303.39,2427790.0,2210.09,60653.23900326388,False,False,False,False,False,72
38,59.40620426605759,-48.36362689571838,592915218691018590,2024120800431,z,4064.18,2254.78,2411090.0,2138.82,60653.238608790605,False,False,False,False,False,72
39,59.40620426605759,-48.36362689571838,592915218691018590,2024113000200,u,2400.85,1470.35,477512.0,1378.71,60645.14200637727,False,False,False,False,False,72
40,59.40620426605759,-48.36362689571838,592915218691018590,2024120200082,g,-10541.0,1193.95,1390130.0,1127.75,60647.12427491903,False,False,False,False,False,72
41,59.40620426605759,-48.36362689571838,592915218691018590,2024121000466,r,254905.0,1905.94,2049150.0,1899.18,60655.27171942122,False,False,False,False,False,72
42,59.40620426605759,-48.36362689571838,592915218691018590,2024112500298,i,304172.0,1999.47,2312090.0,1653.46,60640.245823460675,False,False,False,False,False,72
43,59.40620426605759,-48.36362689571838,592915218691018590,2024111700340,r,206879.0,1519.32,2083910.0,1468.01,60632.23233745366,False,False,False,False,False,72
44,59.40620426605759,-48.36362689571838,592915218691018590,2024120800436,z,-14593.9,2244.67,2364920.0,2123.37,60653.240582002225,False,False,False,False,False,72
45,59.40620426605759,-48.36362689571838,592915218691018590,2024120800439,z,-4946.17,2254.45,2410630.0,2126.6,60653.24174804981,False,False,False,False,False,72
46,59.40620426605759,-48.36362689571838,592915218691018590,2024121000471,r,245146.0,1867.05,2047680.0,1822.96,60655.27381035869,False,False,False,False,False,72
47,59.40620426605759,-48.36362689571838,592915218691018590,2024111800089,i,275077.0,1808.72,2315140.0,1666.83,60633.094346944476,False,False,False,False,False,72
48,59.40620426605759,-48.36362689571838,592915218691018590,2024111800098,r,193419.0,1486.89,2054800.0,1437.03,60633.100372835586,False,False,False,False,False,72
49,59.40620426605759,-48.36362689571838,592915218691018590,2024111800093,r,244325.0,1478.47,2061960.0,1415.22,60633.097306984855,False,False,False,False,False,72
50,59.40620426605759,-48.36362689571838,592915218691018590,2024112600178,g,-251.298,1279.28,1399230.0,1218.96,60641.11676954859,False,False,False,False,False,72
51,59.40620426605759,-48.36362689571838,592915218691018590,2024112600170,g,4386.78,1269.09,1396040.0,1216.1,60641.112009878474,False,False,False,False,False,72
52,59.40620426605759,-48.36362689571838,592915218691018590,2024121000464,g,-13053.3,1426.26,1383750.0,1382.11,60655.27056582167,False,False,False,False,False,72
53,59.40620426605759,-48.36362689571838,592915218691018590,2024112600181,r,-1302680.0,954.201,341617.0,441.075,60641.11988668975,False,True,True,True,True,72
54,59.40620426605759,-48.36362689571838,592915218691018590,2024112600157,g,620.32,1474.71,1411280.0,1365.77,60641.102800167864,False,False,False,False,False,72
55,59.40620426605759,-48.36362689571838,592915218691018590,2024112600158,g,7324.31,1386.77,1385690.0,1258.89,60641.103449618124,False,False,False,False,False,72
56,59.40620426605759,-48.36362689571838,592915218691018590,2024111800107,z,-6435.58,2127.49,2409770.0,1999.13,60633.11080836815,True,False,False,False,False,72
57,59.40620426605759,-48.36362689571838,592915218691018590,2024121000481,g,-6935.27,1277.6,1370820.0,1204.99,60655.278236736,False,False,False,False,False,72
58,59.40620426605759,-48.36362689571838,592915218691018590,2024111800108,z,29457.4,2113.37,2401550.0,2025.39,60633.11138189238,False,False,False,False,False,72
59,59.40620426605759,-48.36362689571838,592915218691018590,2024112600144,r,-1436360.0,1206.48,140365.0,275.801,60641.09443222803,False,True,True,True,True,72
60,59.40620426605759,-48.36362689571838,592915218691018590,2024111800083,z,37217.7,2055.4,2411950.0,1970.11,60633.09000991898,False,False,False,False,False,72
61,59.40620426605759,-48.36362689571838,592915218691018590,2024111800092,i,358065.0,1803.38,2280500.0,1611.19,60633.09611905087,False,False,False,False,False,72
62,59.40620426605759,-48.36362689571838,592915218691018590,2024111800087,z,36017.4,2107.6,2402750.0,1975.6,60633.09237680547,False,False,False,False,False,72
63,59.40620426605759,-48.36362689571838,592915218691018590,2024120200076,u,-3484.13,1359.36,448195.0,1281.22,60647.11742702552,False,False,False,False,False,72
64,59.40620426605759,-48.36362689571838,592915218691018590,2024111800076,r,213633.0,1441.27,2041510.0,1382.85,60633.07763523725,False,False,False,False,False,72
65,59.40620426605759,-48.36362689571838,592915218691018590,2024121000473,r,244897.0,1916.2,2039660.0,1904.65,60655.274595636525,True,False,False,False,False,72
66,59.40620426605759,-48.36362689571838,592915218691018590,2024112600150,g,-17542.7,1356.25,1403120.0,1311.57,60641.098724832074,False,False,False,False,False,72
67,59.40620426605759,-48.36362689571838,592915218691018590,2024112600151,g,-6995.27,1371.34,1371980.0,1286.18,60641.099290272075,True,False,False,False,False,72
68,59.40620426605759,-48.36362689571838,592915218691018590,2024112600160,i,-1288460.0,1714.62,642839.0,738.498,60641.10546815391,False,True,True,True,True,72
69,59.40620426605759,-48.36362689571838,592915218691018590,2024112600176,g,-465.627,1289.07,1414730.0,1244.38,60641.1155921065,False,False,False,False,False,72
70,59.40620426605759,-48.36362689571838,592915218691018590,2024112600159,i,-1132740.0,1797.38,723026.0,857.119,60641.10489407997,False,True,True,True,True,72
71,59.40620426605759,-48.36362689571838,592915218691018590,2024111800109,z,32410.7,2075.55,2400320.0,1982.92,60633.112274531166,False,False,False,False,False,72
72,59.40620426605759,-48.36362689571838,592915218691018590,2024112500283,i,313853.0,2035.52,2317720.0,1756.38,60640.23524607639,False,False,False,False,False,72
73,59.40620426605759,-48.36362689571838,592915218691018590,2024112500248,r,302108.0,1748.41,2208760.0,1609.11,60640.210089143584,True,False,False,False,False,72
74,59.40620426605759,-48.36362689571838,592915218691018590,2024121000461,g,-14316.3,1247.62,1389830.0,1191.67,60655.26940018511,False,False,False,False,False,72
75,59.40620426605759,-48.36362689571838,592915218691018590,2024112600171,g,-11634.2,1302.36,1400930.0,1247.52,60641.11259898143,False,False,False,False,False,72
76,59.40620426605759,-48.36362689571838,592915218691018590,2024121000456,g,-9589.28,1201.6,1388000.0,1170.0,60655.26739571176,False,False,False,False,False,72
77,59.40620426605759,-48.36362689571838,592915218691018590,2024112600164,i,-1580810.0,1595.48,261867.0,440.386,60641.10781050936,False,True,True,True,True,72
78,59.40620426605759,-48.36362689571838,592915218691018590,2024120200080,u,703.036,1402.43,474074.0,1369.74,60647.12242351263,False,False,False,False,False,72
79,59.40620426605759,-48.36362689571838,592915218691018590,2024113000187,r,203966.0,1490.44,2055960.0,1436.83,60645.13324269102,False,False,False,False,False,72
80,59.40620426605759,-48.36362689571838,592915218691018590,2024120200061,g,13181.1,1180.85,1381650.0,1143.15,60647.10453125577,False,False,False,False,False,72
81,59.40620426605759,-48.36362689571838,592915218691018590,2024121000463,g,-14451.8,1265.25,1385580.0,1218.29,60655.27017704859,False,False,False,False,False,72
82,59.40620426605759,-48.36362689571838,592915218691018590,2024111800081,z,28822.3,2043.19,2404740.0,1953.37,60633.088718205996,False,False,False,False,False,72
83,59.40620426605759,-48.36362689571838,592915218691018590,2024112600184,r,-1339540.0,977.28,255505.0,375.654,60641.122313628555,False,True,True,True,True,72
0,58.41274396031528,-48.8928704617549,592913431984613065,2024111800105,z,-29864.3,1912.85,2039360.0,1830.96,60633.10962325806,False,False,False,False,False,38
1,58.41274396031528,-48.8928704617549,592913431984613065,2024112600148,r,-952978.0,970.435,144566.0,278.974,60641.09677806718,False,True,True,True,True,38
2,58.41274396031528,-48.8928704617549,592913431984613065,2024113000207,g,117145.0,1153.64,1230330.0,1030.6,60645.15718318298,True,False,False,False,False,38
3,58.41274396031528,-48.8928704617549,592913431984613065,2024113000191,r,333524.0,1394.69,1762240.0,1285.41,60645.135406302055,False,False,False,False,False,38
4,58.41274396031528,-48.8928704617549,592913431984613065,2024111800085,z,-5513.69,1940.39,2043510.0,1862.86,60633.09117693298,False,False,False,False,False,38
5,58.41274396031528,-48.8928704617549,592913431984613065,2024113000198,u,-10185.4,1512.69,505670.0,1311.41,60645.140671099565,False,False,False,False,False,38
6,58.41274396031528,-48.8928704617549,592913431984613065,2024112600183,r,-461709.0,1114.21,780901.0,763.74,60641.121511388934,False,True,True,True,True,38
7,58.41274396031528,-48.8928704617549,592913431984613065,2024120200065,g,95145.7,1305.82,1256790.0,1085.03,60647.10713431722,False,False,False,False,False,38
8,58.41274396031528,-48.8928704617549,592913431984613065,2024112600182,r,-752393.0,958.216,427514.0,513.296,60641.120655659615,False,True,True,True,True,38
9,58.41274396031528,-48.8928704617549,592913431984613065,2024120200078,u,-16891.6,1655.47,506891.0,1570.02,60647.11968406818,False,False,False,False,False,38
10,58.41274396031528,-48.8928704617549,592913431984613065,2024120200089,r,379759.0,1415.85,1781830.0,1350.62,60647.13201222213,False,False,False,False,False,38
11,58.41274396031528,-48.8928704617549,592913431984613065,2024120200072,u,-6231.83,1650.65,513824.0,1539.69,60647.112877320615,False,False,False,False,False,38
12,58.41274396031528,-48.8928704617549,592913431984613065,2024120200077,u,-13929.8,1614.2,476826.0,1497.39,60647.1181857349,False,False,False,False,False,38
13,58.41274396031528,-48.8928704617549,592913431984613065,2024111800083,z,-50294.8,1910.94,2024110.0,1834.32,60633.09000991898,False,False,False,False,False,38
14,58.41274396031528,-48.8928704617549,592913431984613065,2024111800084,z,-8243.33,1900.98,2041780.0,1823.0,60633.09059598372,False,False,False,False,False,38
15,58.41274396031528,-48.8928704617549,592913431984613065,2024111800079,z,6875.64,1890.03,2049690.0,1806.47,60633.08755997683,False,False,False,False,False,38
16,58.41274396031528,-48.8928704617549,592913431984613065,2024111800080,z,-9551.32,1922.58,2029250.0,1849.47,60633.08815177666,False,False,False,False,False,38
17,58.41274396031528,-48.8928704617549,592913431984613065,2024111800102,r,368223.0,1398.16,1775190.0,1297.01,60633.10276407987,False,False,False,False,False,38
18,58.41274396031528,-48.8928704617549,592913431984613065,2024111800096,r,366431.0,1397.4,1783770.0,1307.01,60633.0990881077,False,False,False,False,False,38
19,58.41274396031528,-48.8928704617549,592913431984613065,2024111800097,r,394955.0,1414.11,1771720.0,1318.99,60633.09971796286,False,False,False,False,False,38
20,58.41274396031528,-48.8928704617549,592913431984613065,2024112500294,y,30782.2,3305.19,2038140.0,3133.29,60640.242656724535,False,False,False,False,False,38
21,58.41274396031528,-48.8928704617549,592913431984613065,2024112500293,y,43635.4,3277.36,2031520.0,3134.93,60640.242056145784,False,False,False,False,False,38
22,58.41274396031528,-48.8928704617549,592913431984613065,2024111700368,r,435255.0,1389.43,1783880.0,1334.58,60632.25522467015,False,False,False,False,False,38
23,58.41274396031528,-48.8928704617549,592913431984613065,2024111700360,i,137192.0,1598.01,1986340.0,1508.41,60632.24983885415,False,False,False,False,False,38
24,58.41274396031528,-48.8928704617549,592913431984613065,2024111900349,y,-31496.3,3654.43,2028910.0,3519.57,60634.316568003356,False,False,False,False,False,38
25,58.41274396031528,-48.8928704617549,592913431984613065,2024111900342,r,346607.0,1400.25,1767800.0,1341.28,60634.310992864615,False,False,False,False,False,38
26,58.41274396031528,-48.8928704617549,592913431984613065,2024111700357,z,-3150.55,1983.59,2040580.0,1876.28,60632.247083738504,False,False,False,False,False,38
27,58.41274396031528,-48.8928704617549,592913431984613065,2024111700344,r,389254.0,1350.97,1780010.0,1314.32,60632.23487424773,False,False,False,False,False,38
28,58.41274396031528,-48.8928704617549,592913431984613065,2024111700351,z,-18484.0,1952.81,2002100.0,1875.99,60632.243352129575,True,False,False,False,False,38
29,58.41274396031528,-48.8928704617549,592913431984613065,2024111900345,i,118170.0,1802.4,1969980.0,1585.33,60634.313423541724,False,False,False,False,False,38
30,58.41274396031528,-48.8928704617549,592913431984613065,2024120800427,z,17932.8,2016.96,2046230.0,1959.28,60653.237050457086,False,False,False,False,False,38
31,58.41274396031528,-48.8928704617549,592913431984613065,2024120800428,z,1275.61,2044.4,2055170.0,1942.11,60653.23743739008,False,False,False,False,False,38
32,58.41274396031528,-48.8928704617549,592913431984613065,2024120800426,z,8513.2,1959.71,2048350.0,1938.01,60653.23666337381,False,False,False,False,False,38
33,58.41274396031528,-48.8928704617549,592913431984613065,2024121000469,r,363858.0,1813.04,1763450.0,1784.59,60655.2728949711,False,False,False,False,False,38
34,58.41274396031528,-48.8928704617549,592913431984613065,2024121000480,g,184500.0,1316.21,1256740.0,1164.26,60655.27769480336,False,False,False,False,False,38
35,58.41274396031528,-48.8928704617549,592913431984613065,2024120800435,z,-29456.1,2012.23,2049390.0,1952.64,60653.24018758096,False,False,False,False,False,38
36,58.41274396031528,-48.8928704617549,592913431984613065,2024112500288,y,-25307.9,3250.01,2032410.0,3100.45,60640.23903945016,False,False,False,False,False,38
37,58.41274396031528,-48.8928704617549,592913431984613065,2024112500289,y,-20861.8,3358.92,2034490.0,3169.4,60640.23964646994,False,False,False,False,False,38
38,58.41274396031528,-48.8928704617549,592913431984613065,2024111900350,y,-35220.7,3793.61,2062400.0,3574.22,60634.31716876155,False,False,False,False,False,38
39,58.41274396031528,-48.8928704617549,592913431984613065,2024112500283,i,228061.0,1641.06,1960290.0,1475.96,60640.23524607639,False,False,False,False,False,38
40,58.41274396031528,-48.8928704617549,592913431984613065,2024120800425,g,113797.0,1364.83,1247470.0,1121.71,60653.235585787086,False,False,False,False,False,38
41,58.41274396031528,-48.8928704617549,592913431984613065,2024112500297,i,189502.0,1719.93,1989600.0,1530.19,60640.24520641791,False,False,False,False,False,38
42,58.41274396031528,-48.8928704617549,592913431984613065,2024112500306,r,343062.0,1458.86,1781460.0,1241.07,60640.25126176496,False,False,False,False,False,38
0,58.63913152581409,-48.4857408571659,592915424849440309,2024111800090,i,353060.0,1990.78,2991050.0,1893.67,60633.094924490826,False,False,False,False,False,61
1,58.63913152581409,-48.4857408571659,592915424849440309,2024111800084,z,17838.3,2413.63,3053100.0,2246.38,60633.09059598372,False,False,False,False,False,61
2,58.63913152581409,-48.4857408571659,592915424849440309,2024111800102,r,1679860.0,1672.22,2688960.0,1609.2,60633.10276407987,False,False,False,False,False,61
3,58.63913152581409,-48.4857408571659,592915424849440309,2024111800097,r,1818820.0,1811.02,2774750.0,1711.43,60633.09971796286,False,False,False,False,False,61
4,58.63913152581409,-48.4857408571659,592915424849440309,2024121000478,g,10991.7,1520.75,1838470.0,1378.48,60655.27691759268,False,False,False,False,False,61
5,58.63913152581409,-48.4857408571659,592915424849440309,2024112600153,g,99622.0,1751.8,1905280.0,1627.16,60641.10047771987,False,False,False,False,False,61
6,58.63913152581409,-48.4857408571659,592915424849440309,2024112600154,g,79202.2,1834.02,1902580.0,1720.22,60641.10104219902,False,False,False,False,False,61
7,58.63913152581409,-48.4857408571659,592915424849440309,2024112600151,g,80419.5,1660.33,1920840.0,1589.49,60641.099290272075,False,False,False,False,False,61
8,58.63913152581409,-48.4857408571659,592915424849440309,2024112600182,r,-368935.0,704.852,165243.0,307.459,60641.120655659615,False,True,True,True,True,61
9,58.63913152581409,-48.4857408571659,592915424849440309,2024112600146,r,-304921.0,943.439,288868.0,405.865,60641.09563521993,False,True,True,True,True,61
10,58.63913152581409,-48.4857408571659,592915424849440309,2024111800108,z,7431.16,2324.94,2995390.0,2222.31,60633.11138189238,False,False,False,False,False,61
11,58.63913152581409,-48.4857408571659,592915424849440309,2024111900357,y,38148.8,4337.32,3012760.0,4208.97,60634.321332181826,False,False,False,False,False,61
12,58.63913152581409,-48.4857408571659,592915424849440309,2024120800422,g,-1469.83,1556.0,1851350.0,1364.33,60653.23440171298,False,False,False,False,False,61
13,58.63913152581409,-48.4857408571659,592915424849440309,2024112500293,y,22832.6,4022.57,2995530.0,3780.08,60640.242056145784,False,False,False,False,False,61
14,58.63913152581409,-48.4857408571659,592915424849440309,2024111700356,z,-9120.8,2351.57,3035140.0,2259.89,60632.2465184953,False,False,False,False,False,61
15,58.63913152581409,-48.4857408571659,592915424849440309,2024111700369,r,1753900.0,1744.42,2727050.0,1699.28,60632.25583040516,False,False,False,False,False,61
16,58.63913152581409,-48.4857408571659,592915424849440309,2024111900356,y,13353.2,4493.59,2994220.0,4253.03,60634.320749948,False,False,False,False,False,61
17,58.63913152581409,-48.4857408571659,592915424849440309,2024111900348,y,35386.7,4393.57,2906820.0,4072.18,60634.31598243629,True,False,False,False,False,61
18,58.63913152581409,-48.4857408571659,592915424849440309,2024121000458,g,130304.0,1318.38,1568440.0,1196.13,60655.26816932282,True,False,False,False,False,61
19,58.63913152581409,-48.4857408571659,592915424849440309,2024120800435,z,-104980.0,2568.6,3050290.0,2373.5,60653.24018758096,False,False,False,False,False,61
20,58.63913152581409,-48.4857408571659,592915424849440309,2024121000455,r,1716560.0,1769.59,2602740.0,1746.97,60655.26666541096,False,False,False,False,False,61
21,58.63913152581409,-48.4857408571659,592915424849440309,2024121000477,g,32512.4,1490.22,1863760.0,1373.54,60655.27653196767,False,False,False,False,False,61
22,58.63913152581409,-48.4857408571659,592915424849440309,2024121000468,r,1654310.0,3032.0,2757620.0,3032.18,60655.27250134263,False,False,False,False,False,61
23,58.63913152581409,-48.4857408571659,592915424849440309,2024120800423,g,12481.9,1580.86,1896550.0,1419.94,60653.23479693296,False,False,False,False,False,61
24,58.63913152581409,-48.4857408571659,592915424849440309,2024120800434,z,19239.8,2491.53,3048510.0,2403.72,60653.239792378576,False,False,False,False,False,61
25,58.63913152581409,-48.4857408571659,592915424849440309,2024112600170,g,-1307270.0,910.029,558146.0,580.452,60641.112009878474,False,True,True,True,True,61
26,58.63913152581409,-48.4857408571659,592915424849440309,2024113000187,r,1484090.0,1602.93,2456180.0,1571.13,60645.13324269102,False,False,False,False,False,61
27,58.63913152581409,-48.4857408571659,592915424849440309,2024112600178,g,-1576020.0,796.639,243535.0,351.971,60641.11676954859,False,True,True,True,True,61
28,58.63913152581409,-48.4857408571659,592915424849440309,2024112500305,r,595403.0,1198.88,1486080.0,1075.25,60640.25067439812,False,True,True,True,True,61
29,58.63913152581409,-48.4857408571659,592915424849440309,2024112500285,i,-1428660.0,1028.81,1077540.0,949.084,60640.23642416093,False,True,True,True,True,61
30,58.63913152581409,-48.4857408571659,592915424849440309,2024112600159,i,-2008840.0,1217.36,325935.0,566.272,60641.10489407997,False,True,True,True,True,61
31,58.63913152581409,-48.4857408571659,592915424849440309,2024112500306,r,1840250.0,1834.31,2715900.0,1708.98,60640.25126176496,False,False,False,False,False,61
32,58.63913152581409,-48.4857408571659,592915424849440309,2024113000206,u,1887.9,1920.6,641151.0,1778.65,60645.15334660873,False,False,False,False,False,61
33,58.63913152581409,-48.4857408571659,592915424849440309,2024120800426,z,192.588,2560.1,3031960.0,2383.71,60653.23666337381,False,False,False,False,False,61
34,58.63913152581409,-48.4857408571659,592915424849440309,2024113000194,g,57640.8,1394.91,1862460.0,1317.0,60645.13770823498,False,False,False,False,False,61
35,58.63913152581409,-48.4857408571659,592915424849440309,2024113000193,g,12527.0,1433.67,1868750.0,1315.68,60645.1372070717,False,False,False,False,False,61
36,58.63913152581409,-48.4857408571659,592915424849440309,2024113000202,u,-2602.03,2021.78,634474.0,1748.97,60645.14493008672,False,False,False,False,False,61
37,58.63913152581409,-48.4857408571659,592915424849440309,2024113000201,u,5755.14,1815.69,642756.0,1709.77,60645.142602343825,False,False,False,False,False,61
38,58.63913152581409,-48.4857408571659,592915424849440309,2024112600168,i,-2183020.0,1048.1,137721.0,345.511,60641.110203593795,False,True,True,True,True,61
39,58.63913152581409,-48.4857408571659,592915424849440309,2024112600162,i,-2184180.0,1137.18,217625.0,421.965,60641.10663715847,False,True,True,True,True,61
40,58.63913152581409,-48.4857408571659,592915424849440309,2024112600150,g,-1706990.0,769.337,81941.1,203.822,60641.098724832074,True,True,True,True,True,61
41,58.63913152581409,-48.4857408571659,592915424849440309,2024113000203,u,1319.42,1611.02,624744.0,1533.97,60645.1455610359,False,False,False,False,False,61
42,58.63913152581409,-48.4857408571659,592915424849440309,2024112600180,r,-404667.0,675.491,132904.0,262.921,60641.11900228016,True,True,True,True,True,61
43,58.63913152581409,-48.4857408571659,592915424849440309,2024120200077,u,-3982.69,1748.85,640895.0,1673.21,60647.1181857349,False,False,False,False,False,61
44,58.63913152581409,-48.4857408571659,592915424849440309,2024112600183,r,-331457.0,719.546,195971.0,332.375,60641.121511388934,False,True,True,True,True,61
45,58.63913152581409,-48.4857408571659,592915424849440309,2024111800087,z,36445.8,2337.18,3036450.0,2240.8,60633.09237680547,False,False,False,False,False,61
46,58.63913152581409,-48.4857408571659,592915424849440309,2024120200078,u,-173610.0,1441.66,405204.0,1394.57,60647.11968406818,True,False,False,False,False,61
47,58.63913152581409,-48.4857408571659,592915424849440309,2024111800083,z,36245.0,2400.73,3058300.0,2280.54,60633.09000991898,False,False,False,False,False,61
48,58.63913152581409,-48.4857408571659,592915424849440309,2024112500248,r,152006.0,950.135,986802.0,830.259,60640.210089143584,False,True,True,True,True,61
49,58.63913152581409,-48.4857408571659,592915424849440309,2024112500282,i,-1400400.0,1051.49,1064680.0,950.568,60640.23466050343,False,True,True,True,True,61
50,58.63913152581409,-48.4857408571659,592915424849440309,2024112500230,r,-155754.0,780.544,711195.0,674.191,60640.19492996533,False,True,True,True,True,61
51,58.63913152581409,-48.4857408571659,592915424849440309,2024112500284,i,362547.0,2072.81,2999350.0,1917.82,60640.23584289354,False,False,False,False,False,61
52,58.63913152581409,-48.4857408571659,592915424849440309,2024120200076,u,-1634.21,1653.17,635884.0,1605.04,60647.11742702552,False,False,False,False,False,61
53,58.63913152581409,-48.4857408571659,592915424849440309,2024120200067,r,254023.0,943.117,1163290.0,883.204,60647.109032922475,False,True,True,True,True,61
54,58.63913152581409,-48.4857408571659,592915424849440309,2024120200090,r,1725660.0,1692.36,2716120.0,1636.1,60647.13526001146,False,False,False,False,False,61
55,58.63913152581409,-48.4857408571659,592915424849440309,2024111900342,r,1760850.0,1800.19,2731660.0,1771.92,60634.310992864615,False,False,False,False,False,61
56,58.63913152581409,-48.4857408571659,592915424849440309,2024120200080,u,1541.75,1597.72,641162.0,1562.19,60647.12242351263,False,False,False,False,False,61
57,58.63913152581409,-48.4857408571659,592915424849440309,2024111700361,i,363593.0,1966.39,2987300.0,1885.64,60632.25040551493,False,False,False,False,False,61
58,58.63913152581409,-48.4857408571659,592915424849440309,2024121000461,g,51492.1,1494.37,1880180.0,1435.78,60655.26940018511,False,False,False,False,False,61
59,58.63913152581409,-48.4857408571659,592915424849440309,2024111700347,i,373023.0,2007.83,2996540.0,1931.17,60632.23736594916,False,False,False,False,False,61
60,58.63913152581409,-48.4857408571659,592915424849440309,2024111700354,z,22498.0,2374.88,3027060.0,2288.76,60632.24524986687,False,False,False,False,False,61
61,58.63913152581409,-48.4857408571659,592915424849440309,2024121000484,g,21148.8,1767.79,1836530.0,1745.82,60655.27941398139,False,False,False,False,False,61
62,58.63913152581409,-48.4857408571659,592915424849440309,2024121000474,r,1627510.0,1763.17,2616050.0,1739.17,60655.27498401618,False,False,False,False,False,61
63,58.63913152581409,-48.4857408571659,592915424849440309,2024121000475,r,1772830.0,1813.18,2713290.0,1755.94,60655.27537895244,False,False,False,False,False,61
64,58.63913152581409,-48.4857408571659,592915424849440309,2024111700359,z,1625.57,2433.53,3042870.0,2276.38,60632.24851064241,False,False,False,False,False,61
65,58.63913152581409,-48.4857408571659,592915424849440309,2024112500298,i,469073.0,2074.3,2982690.0,1912.89,60640.245823460675,False,False,False,False,False,61
66,58.63913152581409,-48.4857408571659,592915424849440309,2024111900354,y,31366.0,4443.48,2988080.0,4143.06,60634.319577066,False,False,False,False,False,61
67,58.63913152581409,-48.4857408571659,592915424849440309,2024112500296,y,-16617.7,4085.02,2983060.0,3675.8,60640.243882847324,True,False,False,False,False,61
68,58.63913152581409,-48.4857408571659,592915424849440309,2024120800431,z,-7946.55,2514.54,2936280.0,2334.34,60653.238608790605,False,False,False,False,False,61
69,58.63913152581409,-48.4857408571659,592915424849440309,2024120800432,z,-4513.67,2518.27,2944390.0,2350.21,60653.23900326388,True,False,False,False,False,61
70,58.63913152581409,-48.4857408571659,592915424849440309,2024111900347,i,385635.0,2114.39,2968510.0,2016.82,60634.3146135705,False,False,False,False,False,61
71,58.63913152581409,-48.4857408571659,592915424849440309,2024121000457,g,143817.0,1465.05,1867950.0,1384.49,60655.267783460666,True,False,False,False,False,61
72,58.63913152581409,-48.4857408571659,592915424849440309,2024111900352,y,277.199,4465.45,2985060.0,4154.28,60634.31839361685,False,False,False,False,False,61
73,58.63913152581409,-48.4857408571659,592915424849440309,2024120200356,r,1527210.0,1662.01,2611700.0,1609.63,60647.32153060759,False,False,False,False,False,61
74,58.63913152581409,-48.4857408571659,592915424849440309,2024111900353,y,27537.6,4380.44,3019450.0,4165.11,60634.31898380213,False,False,False,False,False,61
75,58.63913152581409,-48.4857408571659,592915424849440309,2024120200357,r,1482670.0,1647.68,2610720.0,1610.0,60647.322026672555,False,False,False,False,False,61
76,58.63913152581409,-48.4857408571659,592915424849440309,2024111700344,r,1666960.0,1668.71,2589630.0,1643.28,60632.23487424773,False,False,False,False,False,61
77,58.63913152581409,-48.4857408571659,592915424849440309,2024111900344,i,323679.0,2069.73,2922530.0,1951.87,60634.31283745363,False,False,False,False,False,61
78,58.63913152581409,-48.4857408571659,592915424849440309,2024111700355,z,-22364.3,2423.66,3034470.0,2285.28,60632.24592346066,False,False,False,False,False,61
79,58.63913152581409,-48.4857408571659,592915424849440309,2024111700340,r,1781240.0,1689.99,2704030.0,1674.0,60632.23233745366,False,False,False,False,False,61
80,58.63913152581409,-48.4857408571659,592915424849440309,2024111900345,i,394335.0,2062.55,2975370.0,1980.96,60634.313423541724,False,False,False,False,False,61
81,58.63913152581409,-48.4857408571659,592915424849440309,2024121000485,g,160858.0,1770.89,1892100.0,1712.14,60655.27980853001,False,False,False,False,False,61
82,58.63913152581409,-48.4857408571659,592915424849440309,2024111700346,i,376630.0,1996.95,2970530.0,1863.98,60632.23675812498,False,False,False,False,False,61
0,59.693380052127814,-48.41456325382325,592915149971538512,2024111900351,y,-10439.1,4470.72,1508580.0,3161.86,60634.31778543981,False,False,False,False,False,29
1,59.693380052127814,-48.41456325382325,592915149971538512,2024111700361,i,1127380.0,1374.08,1481490.0,1312.22,60632.25040551493,True,False,False,False,False,29
2,59.693380052127814,-48.41456325382325,592915149971538512,2024120200082,g,-9087.44,1056.17,925036.0,923.205,60647.12427491903,False,False,False,False,False,29
3,59.693380052127814,-48.41456325382325,592915149971538512,2024113000200,u,-4844.39,1411.66,342303.0,1251.88,60645.14200637727,False,False,False,False,False,29
4,59.693380052127814,-48.41456325382325,592915149971538512,2024120200074,u,-1859.79,1399.24,335755.0,1255.85,60647.11406462382,False,False,False,False,False,29
5,59.693380052127814,-48.41456325382325,592915149971538512,2024120800432,z,-18408.1,1897.17,1533480.0,1683.4,60653.23900326388,False,False,False,False,False,29
6,59.693380052127814,-48.41456325382325,592915149971538512,2024120200085,g,1076.83,983.571,919069.0,925.319,60647.12579570604,False,False,False,False,False,29
7,59.693380052127814,-48.41456325382325,592915149971538512,2024120800431,z,-38470.7,1876.28,1516470.0,1653.45,60653.238608790605,False,False,False,False,False,29
8,59.693380052127814,-48.41456325382325,592915149971538512,2024121000471,r,-115861.0,1497.3,1304720.0,1445.27,60655.27381035869,False,False,False,False,False,29
9,59.693380052127814,-48.41456325382325,592915149971538512,2024121000464,g,-7522.56,1156.15,917447.0,1117.22,60655.27056582167,False,False,False,False,False,29
10,59.693380052127814,-48.41456325382325,592915149971538512,2024121000472,r,-135063.0,1365.94,1270140.0,1313.89,60655.27420061345,False,False,False,False,False,29
11,59.693380052127814,-48.41456325382325,592915149971538512,2024121000463,g,5185.97,1024.88,906372.0,982.68,60655.27017704859,False,False,False,False,False,29
12,59.693380052127814,-48.41456325382325,592915149971538512,2024121000482,g,-2641.84,1045.0,890219.0,998.794,60655.278624479084,False,False,False,False,False,29
13,59.693380052127814,-48.41456325382325,592915149971538512,2024121000483,g,-8523.23,1088.46,904958.0,1043.21,60655.279019149195,False,False,False,False,False,29
14,59.693380052127814,-48.41456325382325,592915149971538512,2024121000473,r,-80559.2,1548.92,1297830.0,1521.3,60655.274595636525,False,False,False,False,False,29
15,59.693380052127814,-48.41456325382325,592915149971538512,2024121000481,g,-2711.14,1042.88,904728.0,975.258,60655.278236736,False,False,False,False,False,29
16,59.693380052127814,-48.41456325382325,592915149971538512,2024111700342,r,-173939.0,1428.03,1331310.0,1153.3,60632.23354745939,False,False,False,False,False,29
17,59.693380052127814,-48.41456325382325,592915149971538512,2024111700353,z,-10518.1,1730.71,1531080.0,1628.76,60632.244686707214,False,False,False,False,False,29
18,59.693380052127814,-48.41456325382325,592915149971538512,2024120200358,r,-83739.8,1227.62,1327940.0,1170.13,60647.322533842555,False,False,False,False,False,29
19,59.693380052127814,-48.41456325382325,592915149971538512,2024112600158,g,4814.06,1146.72,920642.0,1035.15,60641.103449618124,False,False,False,False,False,29
20,59.693380052127814,-48.41456325382325,592915149971538512,2024112600157,g,8807.6,1230.79,927726.0,1087.11,60641.102800167864,False,False,False,False,False,29
21,59.693380052127814,-48.41456325382325,592915149971538512,2024120200080,u,-3883.73,1299.84,338450.0,1155.5,60647.12242351263,False,False,False,False,False,29
22,59.693380052127814,-48.41456325382325,592915149971538512,2024111800092,i,1136250.0,1399.12,1482940.0,1287.29,60633.09611905087,False,False,False,False,False,29
23,59.693380052127814,-48.41456325382325,592915149971538512,2024111800098,r,-176092.0,1284.27,1327300.0,1128.37,60633.100372835586,False,False,False,False,False,29
24,59.693380052127814,-48.41456325382325,592915149971538512,2024111800089,i,1145170.0,1486.95,1493720.0,1294.23,60633.094346944476,False,False,False,False,False,29
25,59.693380052127814,-48.41456325382325,592915149971538512,2024112600144,r,-1310330.0,1832.8,183313.0,326.837,60641.09443222803,False,True,True,True,True,29
26,59.693380052127814,-48.41456325382325,592915149971538512,2024112600145,r,-169502.0,1988.36,1347980.0,1314.89,60641.09504378479,False,False,False,False,False,29
27,59.693380052127814,-48.41456325382325,592915149971538512,2024111800107,z,-729.56,1711.56,1530430.0,1598.99,60633.11080836815,False,False,False,False,False,29
28,59.693380052127814,-48.41456325382325,592915149971538512,2024113000189,r,-122874.0,1213.26,1327990.0,1146.33,60645.134400694544,False,False,False,False,False,29
29,59.693380052127814,-48.41456325382325,592915149971538512,2024112600159,i,1184150.0,1556.48,1468500.0,1483.78,60641.10489407997,True,False,False,False,False,29
30,59.693380052127814,-48.41456325382325,592915149971538512,2024112600176,g,9142.7,1133.98,922255.0,951.747,60641.1155921065,False,False,False,False,False,29
31,59.693380052127814,-48.41456325382325,592915149971538512,2024111800081,z,3575.61,1676.3,1519130.0,1564.07,60633.088718205996,False,False,False,False,False,29
