,index,ra,dec,ObjectId,g_psfMag,g_psfMagErr,r_psfMag,r_psfMagErr,u_psfMag,u_psfMagErr,g_psfFlux,g_psfFluxErr,r_psfFlux,r_psfFluxErr,u_psfFlux,u_psfFluxErr,g_extendedness,u_extendedness,r_extendedness,g_pixelFlags_inexact_psfCenter,u_pixelFlags_inexact_psfCenter,r_pixelFlags_inexact_psfCenter,g-r,u-g,g-r_err,u-g_err,color_flags,diaObjectId,nDiaSources,g_psfFluxMean,u_psfFluxMean,r_psfFluxMean,i_psfFluxMean,z_psfFluxMean,y_psfFluxMean,g_psfFluxSigma,u_psfFluxSigma,r_psfFluxSigma,i_psfFluxSigma,z_psfFluxSigma,y_psfFluxSigma,g_scienceFluxMean,u_scienceFluxMean,r_scienceFluxMean,i_scienceFluxMean,z_scienceFluxMean,y_scienceFluxMean,g_scienceFluxMeanErr,u_scienceFluxMeanErr,r_scienceFluxMeanErr,i_scienceFluxMeanErr,z_scienceFluxMeanErr,y_scienceFluxMeanErr,g_psfFluxChi2,u_psfFluxChi2,r_psfFluxChi2,i_psfFluxChi2,z_psfFluxChi2,y_psfFluxChi2,g_psfFluxPercentile25,g_psfFluxPercentile75,u_psfFluxPercentile25,u_psfFluxPercentile75,r_psfFluxPercentile25,r_psfFluxPercentile75,i_psfFluxPercentile25,i_psfFluxPercentile75,z_psfFluxPercentile25,z_psfFluxPercentile75,y_psfFluxPercentile25,y_psfFluxPercentile75,g_psfFluxStetsonJ,u_psfFluxStetsonJ,r_psfFluxStetsonJ,i_psfFluxStetsonJ,z_psfFluxStetsonJ,y_psfFluxStetsonJ,r_psfFluxIQR,r_psfFluxIQRFrac,shape_flags,point_size,simbad_results
147,24749,94.8023057549659,-25.448785660826193,612929285254033896,15.7705,0.000182919,15.5337,0.00030552,16.7262,0.000732637,1785620.0,300.833,2220960.0,624.964,740500.0,499.677,0.0,0.0,,True,False,True,0.2368002,0.9556999,0.000488439,0.000915556,in_dia,6.129292852540218e+17,28.0,25743.033203125,-6665.54296875,,341408.09375,-67992.7109375,,20759.80789768256,11278.293003711693,,67886.15040723886,14899.806189615585,,1557066.0,743867.0,,2690927.5,2747347.25,,335.40447998046875,853.0040893554688,,1069.9534912109375,807.8043212890625,,2518.22,110.115,,2320.38,261.765,,17217.26171875,30920.86328125,-12910.0546875,-3086.531982421875,,,302881.921875,369768.25,-72695.5390625,-66160.001953125,,,9.838278884084412,4.333820903543248,,27.1370266668784,3.018240125027776,,,,in_dia,15,N/A
164,26198,94.70508910529489,-25.421154705008295,612929353973510114,15.8161,0.000183392,15.5136,0.000451621,16.9159,0.00099525,1712160.0,289.201,2262310.0,941.028,621758.0,569.94,0.0,0.0,,True,False,True,0.30249977,1.0997992,0.000635013,0.0011786419,in_dia,6.129293539734981e+17,19.0,-63820.4609375,,,468350.625,30829.990234375,,194726.32991307453,,,,26103.35671922722,,1461403.375,,,2913670.0,2958384.75,,360.40679931640625,,,1942.9298095703125,919.0800170898438,,355413.0,,,0.0,574.696,,19201.412109375,37864.4375,,,,,468350.625,468350.625,16314.72900390625,43348.826171875,,,68.49140521379748,,,,7.560750423832354,,,,in_dia,15,N/A
280,36359,94.52999108223703,-24.78183322314043,614430462223331728,16.4484,0.000453403,16.2969,0.00145325,17.6817,0.00129557,956433.0,399.406,1099620.0,1471.82,307138.0,366.497,,0.0,,True,False,True,0.1515007,1.2332993,0.0019066529,0.001748973,in_dia,6.14430462223319e+17,20.0,-62914.26953125,-5413.8681640625,,,-771026.4375,-10626.689453125,310935.54976188403,,,,914058.6610340449,14064.535509812675,1595673.0,270204.53125,,,4550324.0,6495814.0,377.3712158203125,1027.735107421875,,,1271.9610595703125,4362.15185546875,714206.0,0.0,,,455200.0,3.8804,60133.583984375,122803.05859375,-5413.8681640625,-5413.8681640625,,,,,-120404.7421875,-87679.798828125,-15284.90234375,-5339.774383544922,109.74366704718832,,,,150.15179956860902,1.6644902185746153,,,in_dia,15,N/A
506,48639,94.65273312413626,-24.833720056056137,614430393503852275,15.1971,0.000119965,15.0602,0.000339891,16.167,0.000392952,3028060.0,334.577,3435030.0,1075.34,1239340.0,448.545,,0.0,,True,True,True,0.13689995,0.96990013,0.000459856,0.000512917,in_dia,6.144303935038423e+17,64.0,121724.6796875,16453.201171875,,,-652276.5,62007.9609375,235961.79710948348,7369.290641786598,,,899386.9410356228,192823.6678234971,2432410.0,1234794.375,,,4006328.5,5493626.0,333.59210205078125,507.3013000488281,,,683.2144775390625,2516.060546875,1371520.0,178.622,,,1749200.0,4269.81,292930.796875,363935.7421875,12303.486572265625,19792.86767578125,,,,,105138.265625,182160.359375,-26434.244140625,185065.3125,72.88802998223387,1.6131034131354174,,,207.41092801554598,25.11320058166474,,,in_dia,15,N/A
538,49522,94.63624656897117,-24.832710031603902,614430393503851284,15.6844,0.000132797,15.4374,0.000167788,16.7134,0.000481962,1933110.0,236.439,2426740.0,375.026,749299.0,332.617,0.0,0.0,,True,True,True,0.24699974,1.0290003,0.000300585,0.000614759,in_dia,6.144303935038423e+17,62.0,59976.87890625,13128.970703125,,-543453.5,7004.12109375,24490.525390625,61537.47826753586,7421.023761868469,,639893.0371795057,17474.857167837683,90066.24591661523,1898036.75,728555.8125,,869001.0,2932604.25,3094668.0,289.93719482421875,598.9203491210938,,388.8780212402344,548.6406860351562,1847.0701904296875,36529.7,119.784,,1104080.0,863.552,1699.16,34772.916015625,49674.46484375,10278.962158203125,16292.353515625,,,-300832.671875,248381.4453125,-8913.24658203125,16218.5126953125,-58575.30859375,93273.515625,21.125011512507054,2.554448398391009,,396.8183034313323,5.340564571887656,17.822721377984767,,,in_dia,15,N/A
608,51782,94.56855348422191,-24.830167133795435,614430462223329621,15.9371,0.000177648,15.6009,0.000203078,17.1151,0.000714898,1531630.0,250.604,2087590.0,390.466,517551.0,340.779,0.0,0.0,,False,True,True,0.3362007,1.1780005,0.000380726,0.000892546,in_passed,6.14430462223319e+17,61.0,29666.162109375,13272.345703125,-83641.8046875,295155.75,44389.703125,-37835.58984375,27890.890999545973,1534.7372816827049,434168.5098978143,40049.76676175038,16275.690612721879,8136.630253543688,1414800.375,526233.3125,1323217.625,2608814.0,2660239.75,2713584.25,306.6968688964844,538.2064208984375,307.2977600097656,828.438720703125,545.9609375,2283.266845703125,7229.2,6.27393,1398820.0,1714.78,780.86,6.83702,9039.66064453125,53200.9375,12323.2646484375,14068.8701171875,222073.5390625,271735.7109375,261168.375,305815.09375,36841.46484375,59426.72265625,-42014.212890625,-34095.4794921875,18.49042387967063,-0.09363242334007857,191.85475379204112,16.299756188522498,5.249232966660579,0.9169057895653331,49662.171875,0.026192127081111086,in_passed,60,N/A
649,53688,94.5918296444484,-24.872390292313423,614430462223328049,15.2,0.00011894,15.0225,0.000303092,16.2434,0.000414298,3019910.0,330.824,3556430.0,992.805,1155130.0,440.776,,0.0,,True,True,True,0.17749977,1.0434008,0.000422032,0.000533238,in_dia,6.14430462223319e+17,57.0,132409.28125,16897.5,,,-768541.4375,175562.734375,269281.41887900623,10834.62789211408,,,930682.7041464419,184141.49245523856,2838010.75,1136953.375,,,4473592.0,6359765.5,378.7765197753906,529.2399291992188,,,759.3353881835938,3067.06005859375,1213310.0,348.452,,,2362230.0,2306.36,270538.5625,348939.90625,13098.5546875,19883.662109375,,,,,92249.142578125,142070.203125,33117.4228515625,318777.015625,81.06369794887972,2.613330731112735,,,178.37277546241623,26.988737852475637,,,in_dia,15,N/A
651,53820,94.56688660660568,-24.844031938097523,614430462223328183,15.865,0.000162364,15.6087,0.00021676,16.9056,0.00066175,1636770.0,244.768,2072610.0,413.782,627718.0,382.59,0.0,0.0,,False,True,True,0.25629997,1.0405998,0.00037912402,0.00082411396,in_passed,6.14430462223319e+17,59.0,27383.83984375,12619.58984375,-197607.234375,303192.4375,33454.72265625,-47676.0078125,30196.96255697156,2510.8427311049063,456314.1099834515,71241.10139903172,14577.565715164039,16202.267008112438,1605679.875,632667.0,1051076.875,2537500.0,2549698.75,2589664.5,368.0648193359375,521.7803955078125,278.85662841796875,911.6821899414062,520.7898559570312,2210.8857421875,5528.61,18.1695,1635680.0,4344.15,744.097,29.2984,6549.821533203125,52143.5869140625,10638.630859375,14820.4609375,68238.0859375,267219.28125,277484.9609375,345374.4375,25448.2685546875,42342.7080078125,-56487.0703125,-41223.33984375,18.108227352379327,0.5662942558358675,277.1161668928645,30.75579104019028,4.693773969441361,2.4437498356379934,198981.1953125,,in_passed,60,N/A
652,53825,94.55040479674372,-24.840447466511172,614430462223328181,15.6524,0.000269183,15.5203,0.000859106,16.692,0.000674919,1990910.0,493.6,2248380.0,1779.07,764166.0,475.024,,0.0,,True,False,True,0.1321001,1.0395994,0.001128289,0.00094410195,in_dia,6.14430462223319e+17,23.0,449466.9375,17054.29296875,,,,-2499772.75,58680.11308066237,11435.928608850647,,,,2596592.4990586564,3811559.25,1054916.25,,,,2694213.75,596.4928588867188,658.681396484375,,,,2779.415283203125,7977.9,248.501,,,,111043.0,408551.953125,487442.8671875,16513.279296875,22563.130859375,,,,,,,-2563483.6875,-727415.484375,22.01822317594167,2.7512231759517745,,,,274.7826057695571,,,in_dia,15,N/A
763,62045,95.12597265130124,-25.497475260237287,612929216534555403,17.856,0.000755168,17.6029,0.000658775,18.827,0.0047983,261579.0,181.937,330238.0,200.374,106956.0,472.683,0.0,1.0,0.0,False,False,False,0.25310135,0.97099876,0.001413943,0.005553468,in_dia,6.129292165345449e+17,19.0,65.17017364501953,6769.87353515625,-1033.9327392578125,20981.76171875,-4479.517578125,,3257.9158278445448,,6201.102273164116,3818.1086912285477,3176.5577370806823,,188149.28125,119121.546875,334599.15625,352219.875,351323.53125,,166.09498596191406,824.5040893554688,224.16094970703125,468.350830078125,535.0105590820312,,201.439,0.0,464.198,27.2294,18.2709,,-1446.3135375976562,2465.1380004882812,6769.87353515625,6769.87353515625,-5474.39013671875,3073.5411376953125,19742.7216796875,22442.5322265625,-6151.57421875,-3310.6441040039062,,,5.08224262303663,,7.0483220723362905,4.441723376040597,1.3525925475642453,,8547.931274414062,0.04032654431486996,in_dia,15,N/A
831,65941,94.95770102253678,-25.432237266715497,612929285254034570,15.3876,0.000119971,15.1226,0.000222213,16.5474,0.000641832,2540690.0,280.739,3243040.0,663.741,873043.0,516.099,,0.0,,True,True,True,0.26500034,1.1597996,0.000342184,0.000761803,in_dia,6.129292852540212e+17,52.0,8029.7802734375,-5829.4638671875,,,122001.375,16181.3671875,222277.19274713288,9481.91686695747,,,32469.89493320139,14956.647712722543,2148505.75,651262.125,,,4394886.0,4604312.5,298.7993469238281,640.1707763671875,,,693.9630737304688,3566.678955078125,1351420.0,242.171,,,2224.18,6.49442,137338.22265625,168775.10546875,-15049.966796875,-10312.350341796875,,,,,117593.72265625,140006.91015625,10175.61083984375,20751.5576171875,60.0318370180944,4.153948359546185,,,7.469439997703977,1.7539165636921847,,,in_dia,15,N/A
836,66083,94.91874082566427,-25.44221970647725,612929285254034369,15.756,0.000139923,15.4189,0.000190773,16.9324,0.00068048,1809610.0,233.212,2468540.0,433.743,612428.0,383.836,0.0,0.0,,False,False,True,0.33710003,1.1764002,0.000330696,0.000820403,in_dia,6.129292852540216e+17,42.0,18744.99609375,-1975.506103515625,,456607.5,10613.158203125,,15798.477991112333,9846.01801283081,,24039.79378317741,16861.666220542178,,1206327.0,575558.3125,,3114003.25,3243332.25,,221.28482055664062,618.1976318359375,,1160.72216796875,725.5302124023438,,4445.03,197.431,,236.744,454.116,,11304.291015625,23254.041015625,-10236.292724609375,5974.5943603515625,,,442913.4375,464175.171875,4241.84326171875,18532.61669921875,,,9.066126008259955,5.698892005923015,,7.060875792860482,4.250992592320894,,,,in_dia,15,N/A
889,71878,95.35957031100509,-25.424095134877316,612929079095597634,15.6919,0.000360751,15.4211,0.000497828,16.6788,0.00158228,1919710.0,637.851,2463450.0,1129.53,773556.0,1127.33,0.0,0.0,,False,False,True,0.2708006,0.9869003,0.000858579,0.0019430311,in_dia,6.12929079095591e+17,12.0,42640.4609375,9493.3515625,387923.9375,456812.9375,434335.71875,,8026.909454907785,26559.76953125,20237.219300863693,,211034.73348528068,,1874990.5,782085.0625,2748147.0,3093011.5,3248340.0,,718.1969604492188,1290.654052734375,1258.340576171875,2040.204833984375,1471.1572265625,,81.9465,168.825,110.936,1.66157e-10,11370.4,,38961.0751953125,44248.4912109375,-620.2255859375,18160.3671875,379809.875,394119.75,456812.90625,456812.90625,324745.171875,526147.4375,,,2.9798233707951707,12.173003391816417,9.60631394469405,,58.01225145581324,,14309.875,0.023179648706196602,in_dia,15,N/A
1029,84200,95.51101164400185,-24.790192805384606,614437540329429835,15.808,0.000337889,15.5747,0.000258605,16.8271,0.00152449,1725050.0,536.85,2138470.0,509.35,674784.0,947.47,0.0,1.0,,False,True,True,0.23329926,1.0191011,0.000596494,0.001862379,in_dia,6.144375403294228e+17,19.0,35961.96484375,61931.38671875,,410761.46875,18179.62109375,-37928.62890625,41070.815251734,31300.153014791602,,,33461.05310905901,,1547121.25,722266.3125,,2556415.5,2592413.0,2529373.5,554.4744873046875,837.45947265625,,1816.7633056640625,781.266357421875,3711.714599609375,3504.32,869.439,,0.0,1453.28,0.0,14129.81640625,70290.8671875,41331.49560546875,76435.654296875,,,410761.46875,410761.46875,-10659.767333984375,30386.548828125,-37928.62890625,-37928.62890625,23.19081544628599,14.240928522238605,,,11.13507505300262,,,,in_dia,15,N/A
1163,93368,95.29337758583196,-24.72112757173887,614437677768392917,16.8726,0.000208514,16.615,0.000166094,17.8607,0.00141454,647090.0,124.272,820330.0,125.493,260458.0,339.336,0.0,0.0,0.0,False,True,True,0.25760078,0.98810005,0.000374608,0.001623054,in_dia,6.144376777683763e+17,104.0,10243.2734375,-9854.08203125,8518.6748046875,9512.267578125,-1325.437744140625,-10437.4375,5123.6956915613655,,7727.735058383455,7473.13445655982,5121.034242616692,,614449.75,233838.03125,800284.5625,864320.875,729340.875,458258.25,137.5642852783203,1048.9110107421875,137.33755493164062,328.8011169433594,263.7694396972656,1854.998779296875,1297.87,0.0,2744.06,436.281,352.278,0.0,8148.9947509765625,12479.251708984375,-9854.08203125,-9854.08203125,3591.788818359375,12132.695556640625,4686.818603515625,11851.5615234375,-4713.4915771484375,1001.0930786132812,-10437.4375,-10437.4375,4.416885570582713,,6.197668447619741,4.744147828729419,2.7526637338392472,,8540.90673828125,0.010282979758924941,in_dia,15,N/A
1166,93414,95.27133522625249,-24.71999203584265,614437677768393040,15.5919,0.000134765,15.2777,0.000170826,16.7483,0.000623795,2104880.0,261.265,2811320.0,442.324,725600.0,416.883,,0.0,,True,False,True,0.31419945,1.1564007,0.00030559098,0.00075855997,in_dia,6.144376777683763e+17,65.0,-19011.46484375,-430.2261962890625,,,-238799.875,20221.623046875,202754.32623112877,11605.091225729175,,,533937.4740332206,35530.638891803574,1989386.625,729344.8125,,,3229969.75,4060002.75,276.4249267578125,627.474853515625,,,485.0770568847656,2112.7998046875,1402600.0,269.524,,,1854000.0,204.192,97527.42578125,120999.0546875,-10362.75244140625,7375.79150390625,,,,,127154.740234375,172071.359375,2350.9541015625,41348.58203125,56.43498191708065,5.085685690241506,,,110.38358185951913,5.6490675665939225,,,in_dia,15,N/A
1908,130046,94.70917878436896,-24.849344762106014,614430393503851554,15.5215,9.94115e-05,15.243,0.000154371,16.6881,0.000475908,2245980.0,205.645,2902800.0,412.724,766921.0,336.163,,0.0,,True,True,True,0.2784996,1.1666012,0.0002537825,0.0005753195,in_dia,6.144303935038423e+17,102.0,39264.35546875,14403.0537109375,,,-112969.9765625,91838.3828125,191753.86440996284,6730.919373115917,,,298121.0012739759,71261.96007661121,2031553.875,775823.75,,,3408546.75,4001743.0,202.26568603515625,426.1304016113281,,,476.3420104980469,2125.2548828125,1686390.0,214.59,,,847053.0,759.295,145568.953125,177099.89453125,9899.908203125,16185.280029296875,,,,,9102.2666015625,32291.419921875,57052.3203125,114874.2890625,57.77735554516645,2.1972367437888543,,,38.85374398057874,10.424685868630327,,,in_dia,15,N/A
2021,135139,94.72747684947551,-24.67645898654572,614431080698619593,15.9092,0.00026204,15.6141,0.000755218,16.9964,0.000791515,1571550.0,379.291,2062420.0,1434.58,577372.0,420.911,,0.0,,True,False,True,0.29509926,1.0872011,0.001017258,0.0010535549,in_dia,6.144310806986097e+17,29.0,18741.541015625,16613.197265625,,,,-91410.2265625,326781.2517013519,10539.747852058274,,,,30590.354832526322,2242065.25,602273.25,,,,7658602.0,385.4257507324219,485.1534729003906,,,,4056.27392578125,1381800.0,382.212,,,,31.658,230431.25390625,284752.1171875,9986.3291015625,19758.72607421875,,,,,,,-100838.234375,-72858.2578125,100.79312826514042,4.295321662994743,,,,2.1923073163018305,,,in_dia,15,N/A
2181,145340,95.13433571490735,-24.520865137954452,614439052157918984,15.964,0.000241958,15.6929,0.000245928,17.0078,0.000997042,1494210.0,332.987,1918030.0,434.449,571335.0,524.662,0.0,0.0,,False,False,True,0.27110004,1.0437994,0.00048788602,0.001239,in_dia,6.14439052157911e+17,36.0,2549.7578125,22816.453125,177545.59375,293187.0,36143.7890625,115602.0234375,20120.71000619206,6232.670450552401,26357.77592945458,48272.96461182544,12970.330674580835,,543294.25,581639.6875,2123160.25,2373853.5,2408481.25,2396560.75,231.0157012939453,595.3676147460938,543.5548095703125,1249.6884765625,675.892822265625,3601.902587890625,4419.7,86.1662,1552.89,625.724,317.1,0.0,-28368.134765625,-6805.3212890625,18000.25732421875,26687.69140625,161615.41796875,182846.64453125,279093.1015625,313227.2421875,27606.84375,45885.375,115602.0234375,115602.0234375,22.975276574890273,3.3503788937404386,10.181749750843831,23.452626414310608,4.4649203514308935,,21231.2265625,0.13486397363221794,in_dia,15,N/A
2185,145500,95.15625807688872,-24.500307978831433,614439052157919660,15.9831,0.000550202,16.0301,0.000718725,17.2304,0.00125804,1468100.0,743.967,1405910.0,930.668,465399.0,539.258,,0.0,,True,False,True,-0.04699993,1.2473001,0.001268927,0.0018082419,in_dia,6.144390521579116e+17,12.0,215162.375,22873.568359375,,,784887.0625,,48081.17515222524,9707.792976899364,,,59362.01202817508,,2775225.0,479567.9375,,,7549137.0,,889.4432373046875,545.6983642578125,,,2904.644287109375,,1734.8,236.488,,,190.466,,185254.83984375,249000.83984375,18769.6103515625,28701.13671875,,,,,767608.515625,809583.796875,,,21.74068124824884,4.615515507062066,,,12.660625773288803,,,,in_dia,15,N/A
2193,145727,95.24449931699382,-24.52023371038614,614439052157919440,16.6165,0.000535464,16.3304,0.000584005,17.7415,0.00187821,819225.0,404.026,1066210.0,573.5,290675.0,502.836,0.0,0.0,0.0,True,False,False,0.2861004,1.125,0.0011194691,0.002413674,in_dia,6.144390521579113e+17,15.0,6198.11669921875,10731.58203125,,-3155.9765625,4436.83642578125,,14197.171452748938,2706.501881293331,,4456.8581252194645,8377.350809416337,,766229.3125,275539.25,,1207862.625,873968.1875,,496.1220703125,548.1143798828125,,707.2954711914062,565.40087890625,,445.465,15.3037,,23.0438,196.128,,-1413.8355102539062,11152.4755859375,9840.163818359375,11518.506591796875,,,-5268.217529296875,-844.5588989257812,4037.888916015625,12900.373046875,,,9.897715025493925,0.9569087507901342,,2.33665149768059,5.436720629061896,,,,in_dia,15,N/A
2200,145942,95.21553202689483,-24.537917108139638,614439052157918446,16.0644,0.000299546,15.7802,0.000297664,17.1434,0.00121001,1362230.0,375.828,1769750.0,485.193,504265.0,561.984,0.0,0.0,,False,False,True,0.2841997,1.0790005,0.00059721,0.0015095561,in_passed,6.14439052157911e+17,35.0,14689.8857421875,12469.5673828125,-204304.875,-499631.15625,39045.39453125,31284.6484375,30976.784888772894,2781.8806729232656,394298.16582169896,549884.991841221,10565.933859959103,,1374184.75,510681.25,1167791.75,459438.65625,2432336.5,2437861.75,489.9095153808594,731.5703125,373.3484191894531,329.3694152832031,691.8823852539062,3667.8603515625,3066.11,9.58207,804119.0,687212.0,205.488,0.0,2026.9433898925781,33830.4169921875,11575.511962890625,14280.80712890625,87100.9921875,129286.0703125,-650293.1875,281835.0,32165.52734375,47353.5302734375,31284.6484375,31284.6484375,21.23762041718513,0.5895359543285331,190.78306758690508,369.56597396865556,3.3150014018849867,,42185.078125,0.36447442066164815,in_passed,60,N/A
2269,150123,95.08111789706889,-24.599362986219493,614438433682634364,16.049,0.000156725,15.7381,0.000140827,17.1519,0.000778598,1381630.0,199.437,1839820.0,238.636,500318.0,358.785,0.0,0.0,,False,False,True,0.31089973,1.1028996,0.000297552,0.000935323,in_dia,6.144384336826205e+17,55.0,5824.80322265625,-15683.1611328125,119873.7265625,-608289.625,-53051.44921875,7248.79443359375,6931.5714036857935,3589.072137512664,19293.50120792326,793902.801703438,9361.394621163114,26680.617752173945,1167018.875,507018.0,2035343.375,978673.9375,2383141.25,2407551.5,352.2636413574219,437.399169921875,364.16302490234375,755.868896484375,646.0870971679688,1495.9947509765625,252.861,54.8139,2357.98,249351.0,175.34,254.39,6653.2822265625,8540.8134765625,-17051.1123046875,-13652.83837890625,103511.6953125,128292.25,-611001.53125,-49627.484375,-55746.951171875,-48900.505859375,140.92041015625,17563.5078125,3.1034586783511138,1.478757815326208,10.154421577046161,407.87541647525205,2.4722087928651106,4.358231887156624,24780.5546875,0.07540874254343043,in_dia,15,N/A
2331,152106,94.90799739011969,-24.606243500936927,614438502402110798,15.4719,0.000144951,15.2048,0.000173815,16.6257,0.000636208,2350950.0,313.863,3006760.0,481.351,812319.0,475.994,1.0,0.0,,True,False,True,0.26710033,1.1538,0.000318766,0.000781159,in_dia,6.144385024020972e+17,68.0,-91349.2265625,3830.01513671875,-517502.96875,,-36955.51953125,62017.62890625,256206.3093069694,11124.9091796875,641205.1324101111,,20528.077323284648,105692.84058196092,1640344.5,807919.0625,869087.25,,3861339.25,3869197.5,307.64398193359375,648.5648803710938,229.4907989501953,,608.1898193359375,2072.5107421875,1098800.0,237.989,2613930.0,,1022.01,1993.08,40690.3203125,88481.98046875,-2147.84912109375,11531.76611328125,-1034887.5,192324.953125,,,-45380.375,-23345.77734375,-14157.7080078125,123412.28125,79.41419299482438,4.507312874853922,309.7723517478744,,5.21254332860513,18.01923276225668,1227212.453125,8.423087907302017,in_dia,15,N/A
2333,152199,94.89238348131991,-24.605022256980238,614438502402110888,15.5049,0.000142907,15.225,0.000205045,16.6113,0.000705893,2280500.0,300.165,2951260.0,557.356,823172.0,535.186,,0.0,,True,True,True,0.2798996,1.1063995,0.000347952,0.00084879994,in_dia,6.144385024020972e+17,38.0,26554.587890625,1193.2735595703125,,,-33250.98828125,72847.8046875,22643.80817502567,11263.3408203125,,,21736.576789294206,133028.94022570955,1145430.0,756979.0,,,4044071.0,3847178.0,382.908203125,591.041259765625,,,656.2244262695312,2041.0975341796875,1350.21,290.918,,,959.338,2988.5,20533.82568359375,54800.7666015625,-8688.10205078125,8597.855590820312,,,,,-44795.759765625,-22034.53125,-28060.4140625,168771.59375,11.361383829333755,5.7495173588981885,,,5.02025225495362,22.753147046497293,,,in_dia,15,N/A
2339,152254,94.89790417931775,-24.56556039077995,614438502402111762,15.8537,0.000182274,15.5673,0.000207805,16.8816,0.000922094,1653940.0,277.665,2153110.0,412.096,641750.0,545.026,0.0,0.0,,False,True,True,0.28639984,1.0278997,0.000390079,0.001104368,in_passed,6.144385024020973e+17,40.0,-11447.11328125,26025.44921875,-103312.25,-382385.6875,-7298.271484375,-106672.7265625,32199.855422620614,4110.88330078125,343472.9430393721,617899.365789725,19527.331517570827,41459.609600343814,1099729.875,653431.0625,1918260.625,1204695.875,2578590.0,2603041.25,449.65240478515625,592.583251953125,554.6474609375,622.8165893554688,574.5177612304688,2695.363037109375,3002.21,31.8246,190994.0,481559.0,1076.21,90.4525,-35189.19921875,-2080.00439453125,22352.927734375,29041.7626953125,-12364.65185546875,13371.19921875,-136389.96875,228351.0859375,-19530.5205078125,-3583.539306640625,-122288.064453125,-92971.693359375,22.437451663490254,1.7330274044765712,79.17579527133917,284.97320160473413,5.9916622859091015,8.755509449087981,25735.85107421875,0.14330797691107672,in_passed,60,N/A
2387,154158,94.91684003530044,-24.702189900871865,614438502402106275,15.365,0.000107142,15.096,0.000166082,16.4803,0.000428178,2594180.0,255.997,3323430.0,508.376,928735.0,366.262,,0.0,,True,False,True,0.26900005,1.1153011,0.000273224,0.00053532,in_dia,6.144385024020972e+17,99.0,-27974.935546875,-6236.12060546875,,,-192211.265625,-25297.765625,322139.6647979862,7593.57666015625,,,425417.7970138872,32414.719742826415,1914941.125,831987.125,,,4166281.25,4908419.5,224.69259643554688,457.7897033691406,,,464.2472839355469,2178.265625,3310350.0,284.431,,,1759620.0,173.628,193423.4375,230796.5625,-11802.9453125,-6364.9246826171875,,,,,21327.78466796875,53813.724609375,-43039.45458984375,-6359.8607177734375,97.0986911443387,2.7320394744321925,,,57.09062530952566,4.213260531811958,,,in_dia,15,N/A
2551,160266,95.06132341567617,-24.621210451940385,614438433682633022,15.8673,0.000134761,15.5377,0.000126183,17.0481,0.000768426,1633330.0,202.727,2212600.0,257.146,550481.0,389.601,0.0,0.0,,True,False,True,0.32960033,1.1807995,0.000260944,0.00090318697,in_passed,6.144384336826204e+17,103.0,-36217.328125,-14547.2607421875,76961.0234375,-322494.3125,-27498.638671875,19754.6484375,128678.96593501317,4359.067243278502,197935.31890828858,678355.2469087495,10536.58273991706,22329.451656311052,1402726.0,556555.375,2053667.625,1372520.875,2898938.75,2932764.5,214.8635711669922,482.59368896484375,268.5829162597656,536.61181640625,544.3640747070312,1414.074462890625,750033.0,62.6784,1607220.0,873307.0,324.178,213.966,16572.0849609375,26546.705078125,-18726.97265625,-10909.7705078125,196613.875,233996.140625,-578127.8125,350829.984375,-31751.810546875,-21323.318359375,17110.023681640625,32473.6845703125,35.977194880169996,2.06411692541562,55.40567966654407,337.6534202685675,2.596854347654972,3.1947264173689636,37382.265625,0.02230458252184175,in_passed,60,N/A
2573,161066,95.05974320941328,-24.660349153874655,614438433682630884,15.7206,0.000115914,15.453,0.000108118,16.7277,0.000613054,1869720.0,199.613,2392170.0,238.213,739446.0,417.524,,0.0,,True,True,True,0.26760006,1.0070992,0.000224032,0.000728968,in_passed,6.144384336826204e+17,111.0,-76233.84375,-10010.9306640625,-228149.6875,,10362.083984375,-5786.388671875,189815.49860595792,5279.278682809546,365170.8057848443,,18058.956760722558,23885.108677096847,1611587.0,721308.0625,1224196.0,,2784370.75,2865430.25,211.2854766845703,831.8204956054688,173.76889038085938,,460.05279541015625,2015.0162353515625,1737600.0,25.7625,5441660.0,,1433.82,96.1344,32910.2783203125,47793.98046875,-12149.279541015625,-6767.3153076171875,175469.19140625,235590.93359375,,,4078.985595703125,20301.12109375,-8845.9970703125,6234.8150634765625,61.19886074716434,1.936137409445277,192.75828157584834,,4.986728190834637,2.665668985431958,60121.7421875,0.46625039123896156,in_passed,60,N/A
2766,169898,94.87476355769348,-24.492434263374815,614439189596874949,16.0972,0.000483478,15.8484,0.00080486,17.0853,0.00142651,1321640.0,588.526,1662080.0,1232.11,531947.0,698.908,,0.0,,True,False,True,0.24880028,0.98810005,0.0012883381,0.001909988,in_dia,6.144391895968645e+17,17.0,169306.578125,-1059.380615234375,,,14535.8603515625,-48804.30078125,31898.243222656834,16779.95036712395,,,24135.53706060412,,2919291.25,827709.75,,,4215337.0,4672127.0,794.4198608398438,834.17041015625,,,1067.0950927734375,4997.48388671875,1169.9,239.155,,,409.836,0.0,156383.90625,199932.40625,-11089.778564453125,13351.9765625,,,,,5193.57666015625,36523.857421875,-48804.30078125,-48804.30078125,14.046208251757097,7.981707921166778,,,6.156219055184964,,,,in_dia,15,N/A
2776,170264,94.88936660117733,-24.475679385456758,614439189596875826,16.0345,0.000335019,15.7595,0.000367028,17.077,0.00131317,1400220.0,432.058,1803820.0,609.772,536052.0,648.34,0.0,0.0,,False,False,True,0.27500057,1.0424995,0.000702047,0.0016481889,in_dia,6.144391895968645e+17,10.0,,-77.46138000488281,,192545.328125,2040.646240234375,-22143.0859375,,16977.511591777024,,,28095.861147316573,,,533248.875,,2206755.5,2254118.5,2126926.75,,1019.3394165039062,,1695.7130126953125,835.403564453125,3364.12353515625,,116.48,,0.0,818.514,0.0,,,-6320.9033203125,5684.009765625,,,192545.328125,192545.328125,-13146.25048828125,21411.42822265625,-22143.0859375,-22143.0859375,,10.092041418008561,,,10.603980619147974,,,,in_dia,15,N/A
3028,182608,94.87726758949009,-24.73527554928202,614437815207344467,15.7094,0.000110307,15.4452,9.86426e-05,16.6782,0.00045327,1889000.0,191.916,2409520.0,218.913,773933.0,323.099,0.0,0.0,,True,False,True,0.2642002,0.9687996,0.00020894961,0.000563577,in_passed,6.144378152073298e+17,117.0,-78835.640625,-10296.6591796875,106641.28125,,4886.259765625,20749.84375,140351.90175453573,1871.7786016591156,192647.00307590116,,37969.34945666238,13995.18306355211,1493636.875,708717.625,2364869.0,,2940699.5,2379041.5,217.77841186523438,507.154296875,244.08860778808594,,469.75579833984375,1356.861328125,1440240.0,12.8782,1792690.0,,6009.73,68.2665,27920.353515625,38611.72265625,-11262.38525390625,-9733.674072265625,201213.6484375,233252.375,,,-9988.501708984375,8397.683227539062,12602.54296875,29811.939453125,48.71752259621865,-0.09354970737469422,49.376870057980234,,7.252825479028977,2.3329282295217237,32038.7265625,0.0322461762915134,in_passed,60,N/A
3032,182947,95.05472120549993,-24.827127050775935,614437746487863989,16.499,0.00022303,16.2769,0.0006317,17.6377,0.000772579,912881.0,187.523,1120080.0,651.685,319837.0,227.587,,0.0,,True,True,True,0.22210121,1.1386986,0.00085472997,0.000995609,in_dia,6.14437746487853e+17,66.0,-191416.625,-5141.591796875,,,,-1277927.5,259941.02940418114,1565.7384209529673,,,,1511915.837138274,1510076.375,304416.96875,,,,4181587.0,165.69448852539062,464.8348693847656,,,,2205.271728515625,5598890.0,8.14684,,,,390313.0,64513.9140625,90936.412109375,-5946.1279296875,-4687.1669921875,,,,,,,208856.703125,257423.609375,115.24291338889762,0.238886221812412,,,,190.9912552568595,,,in_dia,15,N/A
3034,182970,94.97031327309497,-24.8294480341218,614437746487863845,15.5681,9.07088e-05,15.3142,0.000100855,16.5313,0.000397969,2151540.0,179.752,2718520.0,252.525,886118.0,324.8,,0.0,,True,False,True,0.25389957,0.9631996,0.0001915638,0.0004886778,in_passed,6.144377464878532e+17,146.0,-51637.26953125,-9346.5712890625,-139508.78125,,-5600.78564453125,-46412.26171875,188698.01323532197,4747.984899822039,505287.79774184246,,23904.26438642286,33056.792276412365,1964319.125,891474.0,1320419.375,,3268712.25,3217376.25,184.21035766601562,598.6243286132812,180.74252319335938,,465.8228454589844,1598.885986328125,2795710.0,49.2253,5714620.0,,2506.88,329.586,44397.9921875,63998.966796875,-12250.369140625,-7995.9814453125,258690.26953125,306986.96875,,,-10876.8583984375,7166.13671875,-57199.7734375,-25089.69921875,50.835621020904476,1.2100226672921275,194.06571300976898,,6.516126384149328,5.17621375861893,48296.69921875,,in_passed,60,N/A
3077,184433,95.06951297958497,-24.796449178305625,614437746487864346,15.8728,9.99441e-05,15.5472,9.83154e-05,17.024,0.000541328,1625090.0,149.593,2193500.0,198.625,562844.0,280.623,0.0,0.0,,True,False,True,0.32559967,1.1512003,0.00019825951,0.0006412721,in_passed,6.14437746487853e+17,157.0,16817.544921875,-5799.61083984375,-191524.5625,-83487.109375,8124.76904296875,3127.894287109375,9845.601964906004,3464.4915135063325,356612.0537471163,573488.640035975,13865.837915918444,29243.580873548763,1516069.25,539429.0625,1604892.25,1070119.625,2461247.0,2660399.25,178.2738037109375,683.5093994140625,169.98214721679688,406.5921936035156,380.719482421875,1355.4195556640625,2848.26,14.9035,7236180.0,824747.0,1172.55,379.393,10768.8740234375,22912.080078125,-7333.147705078125,-4967.4921875,154741.02734375,191648.72265625,7752.5625,349606.65625,3013.8956909179688,16956.61376953125,-15268.38330078125,27161.12841796875,5.972980335764923,0.5212082152690154,168.90932526366626,218.25065920583867,4.261477724788975,6.037062854105537,36907.6953125,,in_passed,60,N/A
3109,185635,94.9460727761998,-24.84381428480919,614437746487862853,15.7074,9.0794e-05,15.4074,9.50986e-05,16.7812,0.000460261,1892520.0,158.261,2494840.0,218.521,703916.0,298.401,0.0,0.0,,True,True,True,0.3000002,1.0738001,0.0001858926,0.000551055,in_passed,6.14437746487853e+17,132.0,20929.177734375,-8991.8505859375,-145255.453125,,28495.04296875,7046.04052734375,12495.519276456462,1376.1427558743912,352386.1342898448,,17390.830353467347,40997.32415352584,1518173.25,634864.8125,1823975.375,,3075169.5,3138174.5,182.94827270507812,889.7275390625,213.40757751464844,,405.1302185058594,1481.1195068359375,3782.06,1.55351,5099820.0,,1694.13,638.451,13758.83056640625,29979.8046875,-9606.29833984375,-8255.772216796875,185419.74609375,222204.8984375,,,17464.0615234375,40107.9677734375,-4373.287109375,36818.59765625,7.217604639164887,-0.24269581034950502,141.32749570612947,,5.159306823819254,6.642056803094113,36785.15234375,0.024236329319026043,in_passed,60,N/A
3236,192171,94.58097511501073,-25.29580629290605,612930109887753860,15.8429,0.000315627,15.8115,0.00104731,16.8966,0.00101964,1670430.0,485.598,1719450.0,1658.61,632961.0,594.428,,0.0,,True,False,True,0.03140068,1.0537004,0.0013629369,0.001335267,in_dia,6.12930109887742e+17,15.0,60462.53125,,,,-146291.625,55148.75,65434.32125530487,,,,512579.80847224005,,2132600.0,,,,3324524.5,4990053.0,670.747802734375,,,,828.427490234375,5425.76123046875,6199.38,,,,271133.0,0.0,15746.1201171875,107921.40625,,,,,,,-41883.80078125,10859.4208984375,55148.75,55148.75,35.83887577512773,,,,73.46499746898517,,,,in_dia,15,N/A
3280,195360,94.52663903173604,-25.32368192286562,612930109887752828,15.8261,0.000345822,15.7078,0.000946823,16.8054,0.00103644,1696510.0,540.361,1891800.0,1649.76,688423.0,657.165,0.0,0.0,,False,True,True,0.11830044,0.9793005,0.001292645,0.001382262,in_dia,6.129301098877422e+17,11.0,28255.28125,-25317.953125,,,81593.3359375,,13125.649988943338,6873.87712329782,,,44064.806352058054,,2213482.5,728513.4375,,,3802916.25,,854.3094482421875,940.8449096679688,,,1196.74365234375,,145.95,27.8521,,,844.543,,19520.19384765625,32641.4296875,-28174.00390625,-21496.859375,,,,,53363.78515625,107933.359375,,,6.7029185174735515,2.548032940547758,,,10.984329248880778,,,,in_dia,15,N/A
3355,199236,94.96967839691044,-25.314786554833113,612929972448799236,17.6556,0.000229304,17.444,0.000224294,18.7485,0.00148386,314604.0,66.4434,382311.0,78.9789,114971.0,157.13,0.0,0.0,0.0,True,False,False,0.21159935,1.0929012,0.00045359798,0.0017131639,in_dia,6.129299724487886e+17,100.0,769.7076416015625,-2077.353515625,-1231.403076171875,-2072.9921875,1138.0882568359375,,2259.5709741021187,4665.738354318615,2570.235198156199,7699.5922137606785,7014.248813991327,,298764.3125,109251.3046875,367743.0625,368002.96875,377411.4375,,79.18672943115234,251.731689453125,108.396728515625,194.3960418701172,457.0806579589844,,864.547,284.446,537.785,1180.27,159.893,,-15.556427001953125,2808.1648559570312,-5298.43896484375,3824.77490234375,-2694.8990478515625,665.5021667480469,-9011.892578125,1378.7775268554688,-1946.631103515625,4889.0728759765625,,,3.2233482903747057,3.571817569853672,2.98737771055663,7.892496868641943,5.552141893897014,,3360.4012145996094,0.04165298643202764,in_dia,15,N/A
3404,201432,94.6792014665892,-25.313493684373,612930041168276794,15.8303,0.000164235,15.5205,0.000219886,16.9274,0.000676111,1689930.0,255.628,2248010.0,455.272,615219.0,383.11,0.0,0.0,,False,False,True,0.30980015,1.0971003,0.000384121,0.00084034604,in_passed,6.129300411682655e+17,46.0,4119.38134765625,-9866.40234375,-77953.390625,,-23332.6796875,,24155.393172153854,8814.31243062459,334783.1737926673,,13993.58028045962,,1428300.875,535778.6875,1882771.125,,2636859.25,,355.01531982421875,444.42822265625,420.6316223144531,,599.3660888671875,,3897.96,466.303,634164.0,,517.843,,-20567.73583984375,23616.1328125,-17546.7958984375,-10329.9541015625,58417.0,89453.0546875,,,-33251.6923828125,-14688.66357421875,,,17.782758713743902,4.522993861412097,90.24700106315169,,4.621098424005963,,31036.0546875,0.1440909861174666,in_passed,60,N/A
3413,202014,94.92194945454293,-25.35883743325563,612929972448797188,15.8954,0.000125713,15.588,0.00013454,16.9957,0.000640143,1591650.0,184.292,2112460.0,261.768,577731.0,340.626,0.0,0.0,,True,True,True,0.30739975,1.1003008,0.000260253,0.000765856,in_passed,6.129299724487885e+17,98.0,11282.607421875,505.68719482421875,-44217.81640625,-268196.09375,29409.45703125,9138.5673828125,104673.38265401019,7298.839507374838,282187.05552302575,480092.3907212554,15534.528862302142,13189.677484484837,1522973.375,448514.125,1492539.625,969381.1875,2551489.75,1433517.0,203.15130615234375,659.9212036132812,242.4975128173828,366.4984130859375,503.715087890625,1171.841552734375,405785.0,110.371,1046400.0,834802.0,857.686,55.0292,33009.6171875,42056.1484375,2041.860595703125,7102.556396484375,32249.54150390625,46708.494140625,96025.65625,205931.734375,18775.6064453125,40930.525390625,5427.51123046875,13308.541015625,24.34429392965576,3.78521009466967,70.41545368671324,210.11622022047416,4.9340514531514055,1.5143211904984157,14458.95263671875,0.08086056970443262,in_passed,60,N/A
3459,203644,94.85518228013554,-25.39244477983154,612929285254036738,16.1881,0.000260646,16.1792,0.00108102,17.2749,0.000826949,1215540.0,291.807,1225560.0,1220.24,446722.0,340.245,,0.0,,True,False,True,0.008901596,1.0867996,0.001341666,0.001087595,in_dia,6.129292852540211e+17,28.0,-121479.59375,8114.39990234375,,,,-9805.4375,364069.44926899107,708.90286003212,,,,,1685198.125,477936.65625,,,,6901088.0,263.83624267578125,964.5596313476562,,,,6652.765625,2667270.0,0.255626,,,,1.29123e-14,157212.390625,202384.78125,7920.498291015625,8421.768310546875,,,,,,,-9805.4365234375,-9805.4365234375,146.35854754556877,-0.8625526696593931,,,,,,,in_dia,15,N/A
3543,208777,94.6744729691158,-25.011534776745425,614429706309081983,15.6467,0.000104906,15.3577,0.000133828,16.6906,0.000477923,2001280.0,193.368,2611600.0,321.907,765149.0,336.806,,0.0,,True,True,True,0.28899956,1.0438995,0.000238734,0.000582829,in_passed,6.144297063090751e+17,98.0,-114739.640625,12381.9326171875,-84378.2265625,,11089.8671875,-7718.6962890625,250258.2564315918,6763.369494628002,404931.77044377633,,19892.416421540573,26647.385407485268,1755582.375,692274.6875,2392410.25,,3164800.25,2910035.5,213.50973510742188,594.3012084960938,439.9779052734375,,431.4215087890625,1630.2667236328125,2305770.0,98.0106,1904930.0,,1933.17,201.6,37683.94140625,56317.9921875,9404.77587890625,16843.10986328125,256142.5,300641.0625,,,-3772.84130859375,26370.173828125,-23116.341796875,4806.146484375,91.82842889244593,2.200367692212919,140.99254925001802,,6.226955957576052,4.684542500129232,44498.5625,,in_passed,60,N/A
3710,218251,94.49371432177658,-24.955729153332882,614429775028563821,15.3208,0.000145419,15.253,0.000407704,16.5623,0.000522198,2702040.0,361.899,2876200.0,1080.04,861189.0,414.199,,0.0,,True,False,True,0.06779957,1.2414999,0.000553123,0.00066761696,in_dia,6.144297750285517e+17,35.0,285551.6875,-2611.13134765625,,953737.9375,-1121330.375,8575.2431640625,64790.321303448756,12106.143004815076,,,1049108.8465948666,306513.55791696516,2825101.75,773860.25,,5667298.0,4545032.0,6357420.0,425.863525390625,550.2545166015625,,2867.234130859375,1397.516845703125,3915.111572265625,19546.5,371.894,,4.21268e-10,506286.0,2878.48,226339.8125,332379.84375,-11405.5927734375,7743.568359375,,,953737.875,953737.875,-219255.0625,-132826.796875,-136273.359375,139132.3984375,30.38798141611147,5.949292900696593,,,213.01272382489074,26.288358915115875,,,in_dia,15,N/A
3815,224073,94.4568405537323,-24.981449302223346,614429775028562698,15.4913,0.000221414,15.4448,0.000433954,16.5348,0.000535107,2309360.0,470.946,2410300.0,963.365,883249.0,435.311,0.0,0.0,,False,True,True,0.046499252,1.0435,0.00065536797,0.000756521,in_dia,6.144297750285518e+17,22.0,156843.046875,-8696.2705078125,,167269.4375,-69117.3984375,-61694.22265625,69163.03606130401,14423.219977591902,,,26590.01930472449,,2306859.25,773979.75,,3877314.75,3969033.25,4051160.25,588.3560791015625,574.762939453125,,2311.513427734375,1258.4521484375,4875.56103515625,10192.7,476.356,,0.0,312.778,0.0,108776.8828125,182074.921875,-14785.306640625,-4590.099609375,,,167269.4375,167269.4375,-77624.890625,-44076.69140625,-61694.22265625,-61694.22265625,34.577916794924946,5.660694359179162,,,6.764690236508885,,,,in_dia,15,N/A
3826,224640,94.58258672089605,-24.983532740688908,614429775028562097,15.3082,0.000111349,15.1493,0.000391533,16.428,0.000425985,2733440.0,280.331,3164340.0,1141.11,974513.0,382.346,,0.0,,True,True,True,0.15890026,1.1197996,0.000502882,0.000537334,in_dia,6.144297750285517e+17,79.0,317886.78125,11366.0771484375,,884865.5,-366468.0,16828.482421875,271658.74725393695,9656.35159165475,,36984.413655609285,513145.2349269477,41393.65551475187,2713589.5,949441.0625,,4769528.5,3912167.0,4585005.0,311.556640625,473.73284912109375,,1463.7181396484375,573.2176513671875,1940.858642578125,864659.0,391.139,,375.37,1593980.0,413.96,367322.8125,411143.9921875,9958.23193359375,17252.2626953125,,,867539.71875,904256.1875,15730.486083984375,40284.0830078125,-2946.01123046875,45564.255859375,45.82067992425207,2.994965945547739,,10.74736575281319,87.22236088527733,6.543399414304852,,,in_dia,15,N/A
3834,224983,94.48619203340714,-24.979658009062994,614429775028562883,15.977,0.000208581,15.7965,0.00027275,16.9897,0.000623337,1476390.0,283.631,1743370.0,437.956,580909.0,333.509,0.0,0.0,,False,False,True,0.18050003,1.0127001,0.00048133102,0.000831918,in_dia,6.144297750285518e+17,38.0,57453.8671875,-10723.19140625,,81270.421875,-25137.330078125,30350.578125,41870.53309203481,3389.2645640804303,,112666.92650979712,31872.76396496264,100747.57705241238,1473684.875,586483.125,,2250048.25,2126043.5,2290655.25,323.45294189453125,729.41796875,,978.5980224609375,518.5209350585938,2681.10302734375,13903.9,13.8768,,7707.29,3241.0,527.292,18410.28466796875,89964.220703125,-12876.029052734375,-8364.187377929688,,,18283.263671875,125208.84375,-36421.833984375,-8629.75927734375,-13191.21484375,58048.078125,29.487257589952208,1.4716579361580844,,47.706945467934624,10.561921456025667,21.24272916980608,,,in_dia,15,N/A
3840,225197,94.50120589310777,-24.972912710087183,614429775028562969,15.7243,0.000167751,15.5406,0.000245696,16.744,0.000552255,1863320.0,287.891,2206740.0,499.371,728424.0,370.51,0.0,0.0,,False,False,True,0.18370056,1.0196991,0.00041344698,0.000720006,in_dia,6.144297750285517e+17,43.0,79030.1171875,-12081.7255859375,,220870.515625,-35780.05859375,16603.794921875,45935.76978508894,2536.9626860853605,,117701.71714346431,29248.264361790552,96831.89030706268,1791067.75,710739.375,,2751473.0,2748345.25,2724014.0,317.4994812011719,912.6043090820312,,942.1669921875,624.6346435546875,2050.28857421875,18130.3,4.42182,,10237.5,1867.0,1412.05,43831.3623046875,106175.42578125,-12908.7744140625,-10677.2109375,,,136758.58984375,272554.1171875,-39078.078125,-17746.54150390625,-51863.798828125,80548.060546875,25.47459341190317,0.2372767663745122,,49.96040290412125,8.80598291943537,19.314184003821993,,,in_dia,15,N/A
3989,234271,94.63503820435506,-25.263652417797562,614428331919554530,15.5553,0.00015483,15.2991,0.000306367,16.577,0.000527793,2177210.0,310.479,2756450.0,777.801,849594.0,413.0,,0.0,,True,True,True,0.25619984,1.0216999,0.000461197,0.000682623,in_dia,6.144283319195406e+17,45.0,-36091.828125,9332.837890625,,,17443.146484375,,197639.3736161975,9389.720401708555,,,17360.121856042464,,1531665.875,808457.4375,,,3517841.5,,275.2309265136719,538.5831298828125,,,700.7080078125,,993748.0,293.428,,,504.936,,83325.953125,130704.0078125,8063.8837890625,13353.87646484375,,,,,6495.1024169921875,30727.1884765625,,,65.78133016054565,3.4756311295606914,,,5.260996588311256,,,,in_dia,15,N/A
4002,234903,94.64277304422525,-25.286196053976138,614428331919554178,15.5067,0.000186268,15.2846,0.000574799,16.7641,0.00069808,2276860.0,390.616,2793490.0,1478.9,715076.0,459.762,,0.0,,True,False,True,0.2220993,1.2573996,0.000761067,0.000884348,in_dia,6.144283319195402e+17,30.0,171445.4375,9610.345703125,,,-516536.6875,-18352.841796875,27693.09412009166,1823.1167683723193,,,808372.1492732136,,2640971.75,731143.375,,,4201730.5,1493201.25,453.19952392578125,945.9038696289062,,,827.73779296875,2343.53857421875,2946.53,2.27827,,,931129.0,0.0,160647.18359375,183675.4140625,8760.099365234375,10570.8408203125,,,,,-246052.4453125,174240.640625,-18352.841796875,-18352.841796875,11.174841489064965,0.1945640580182233,,,186.17404251404116,,,,in_dia,15,N/A
4057,236828,94.62993101244595,-25.23656661727099,614428331919556622,15.787,0.000153514,15.4788,0.000199769,16.884,0.000659337,1758690.0,248.663,2335970.0,429.806,640305.0,388.839,0.0,0.0,,True,False,True,0.30819988,1.0970011,0.00035328302,0.000812851,in_dia,6.144283319195405e+17,44.0,-87357.921875,8822.8447265625,,,6177.462890625,,185351.32176710496,3665.441671294795,,,34599.72815574553,,1378996.75,533151.9375,,,3041959.5,,276.7897644042969,487.1344299316406,,,570.3085327148438,,928270.0,65.0115,,,3191.93,,28853.99853515625,47947.279296875,7667.0458984375,12470.913818359375,,,,,2133.4117431640625,23122.197265625,,,67.10751238618734,1.8039156183416192,,,8.130741097136191,,,,in_dia,15,N/A
4174,243060,94.57788823145512,-25.09414846724285,614429087833796852,15.5443,0.000130872,15.3371,0.000251118,16.5874,0.00054765,2199290.0,265.097,2661770.0,615.636,841497.0,424.455,,0.0,,True,True,True,0.20720005,1.0431004,0.00038199,0.000678522,in_dia,6.144290878337843e+17,63.0,76692.0078125,2868.07177734375,,671055.0,-29650.3125,-4643.7177734375,285346.2112046018,12024.726348840897,,20702.22620539576,251269.405992997,54663.330280296366,1933728.0,733901.125,,3823159.75,3642069.75,3865816.25,265.25164794921875,708.4417724609375,,1284.5987548828125,538.7415161132812,3356.325927734375,1374800.0,210.461,,152.137,330788.0,101.085,212174.74609375,259195.890625,-7039.25341796875,13293.5791015625,,,659985.125,679632.1875,43217.99609375,79426.515625,-25267.33984375,13385.470703125,155.894466064189,6.070151904465196,,6.417470030131455,32.33824562772653,9.291187684603342,,,in_dia,15,N/A
4191,243519,94.4586731284566,-25.106289499770647,614429087833796552,15.1755,0.000206106,15.1236,0.000390909,16.2396,0.000483432,3088780.0,586.345,3240060.0,1166.55,1159240.0,516.161,0.0,0.0,,False,False,True,0.05189991,1.0640993,0.000597015,0.00068953796,in_dia,6.144290878337843e+17,26.0,,-11935.7158203125,,,-464861.65625,-53613.01171875,,7437.141499521081,,,896898.6423057697,,,1019787.0625,,,3099063.0,5070054.0,,564.340576171875,,,639.22314453125,5637.830078125,,274.768,,,1442440.0,0.0,,,-19034.619140625,-13766.015625,,,,,120472.140625,154830.44921875,-53613.01171875,-53613.01171875,,2.0262423210371074,,,184.7610111070394,,,,in_dia,15,N/A
4219,244178,94.54645828756587,-25.074637763255307,614429087833797762,15.6685,0.000135196,15.4181,0.000261289,16.9023,0.000614602,1961530.0,244.251,2470410.0,594.52,629647.0,356.424,,0.0,,True,True,True,0.2503996,1.2337999,0.000396485,0.000749798,in_dia,6.144290878337843e+17,54.0,99346.828125,9245.572265625,,342106.65625,17154.197265625,8084.25927734375,30450.26667182834,3340.997695793452,,100104.81533201253,31036.48632046639,73602.4327323551,2037046.75,567379.5,,3417153.25,3491423.0,3517437.0,305.0362854003906,710.3928833007812,,1257.459716796875,563.2954711914062,3175.8115234375,8621.71,14.5302,,3929.82,2726.32,204.403,84895.0703125,114857.1484375,7544.3759765625,10982.685302734375,,,314732.1953125,402169.0625,10083.826904296875,36357.4755859375,-20036.82421875,32007.953125,15.56062830516304,1.214596831021392,,31.243970598236476,7.385225416675829,13.446835399452358,,,in_dia,15,N/A
4221,244336,94.52265373313827,-25.07445212406084,614429087833797656,15.4798,0.000146711,15.3909,0.000349153,16.5077,0.000507342,2333880.0,315.367,2532950.0,814.55,905574.0,423.156,0.0,0.0,,True,False,True,0.088900566,1.0278997,0.000495864,0.000654053,in_dia,6.144290878337843e+17,48.0,82771.8203125,-1041.364013671875,,488188.71875,98283.734375,23428.98046875,33458.39058649253,8851.894504693084,,,29006.110552133126,112990.34099780035,2257735.0,681450.1875,,3953061.75,3949311.75,4100107.0,353.8280029296875,665.9393310546875,,2269.89501953125,613.0704956054688,3488.83447265625,7366.48,110.475,,0.0,2170.32,398.734,65668.712890625,107914.71484375,-5040.3271484375,9991.1083984375,,,488188.71875,488188.71875,85607.1796875,127089.0546875,-20207.95703125,59688.28125,15.649581775356102,3.7443012150359407,,,7.7540145745097,18.971914226388872,,,in_dia,15,N/A
4242,244902,94.54303848073836,-25.159332976673788,614429087833794506,15.6112,0.000176477,15.4215,0.000261746,16.7477,0.000612328,2067820.0,336.107,2462640.0,593.686,725994.0,409.442,0.0,0.0,,True,True,True,0.18970013,1.1364994,0.000438223,0.000788805,in_dia,6.144290878337843e+17,31.0,62569.6796875,-4751.22607421875,,462231.46875,15324.34375,-64514.81640625,32254.164588049316,9804.70985088735,,,27616.855063484676,,1966211.5,602690.625,,3466334.75,3552940.0,3605963.25,444.89971923828125,587.2913208007812,,2107.944580078125,745.9906005859375,4595.939453125,4058.91,199.137,,1.63112e-10,1216.92,0.0,37785.9013671875,94798.55859375,-10400.57861328125,-3514.6283569335938,,,462231.4375,462231.4375,2055.96142578125,29857.384765625,-64514.81640625,-64514.81640625,19.595555070985636,4.196433443080237,,,7.573730102594016,,,,in_dia,15,N/A
4281,246340,94.49223514240708,-25.143692331380088,614429087833795229,15.0975,0.00016786,15.0532,0.000376665,16.1495,0.000501269,3319100.0,513.148,3457150.0,1199.36,1259460.0,581.476,0.0,0.0,,False,True,True,0.04430008,1.052,0.000544525,0.000669129,in_dia,6.144290878337843e+17,21.0,,-18573.8359375,,345957.65625,-614041.125,-89664.65625,,12578.668988829491,,,969432.576033243,,,1229297.0,,5308600.5,3881967.5,5507338.0,,654.5443115234375,,2697.709228515625,912.9869384765625,5898.73681640625,,284.611,,0.0,787305.0,0.0,,,-26254.08984375,-13031.404541015625,,,345957.65625,345957.65625,-1536721.375,298035.25,-89664.65625,-89664.65625,,4.304135781815986,,,254.69564664013367,,,,in_dia,15,N/A
4288,246482,94.52873965615106,-25.13937779485758,614429087833795093,15.9518,0.000203694,15.6407,0.000194351,17.055,0.000764306,1511090.0,283.494,2012360.0,360.22,547008.0,385.067,0.0,0.0,,False,True,True,0.3111,1.1032,0.000398045,0.000968,in_dia,6.144290878337843e+17,30.0,-85675.5390625,-13837.4560546875,,135814.390625,8907.6728515625,-53300.39453125,,3369.9620291167225,,110079.08570490009,17746.513227501047,,1515263.625,556114.8125,,1799647.75,2579236.75,2554530.25,1281.20263671875,431.7353515625,,1036.3135986328125,581.8717651367188,3745.5654296875,1.63265e-11,49.7481,,4415.63,828.044,0.0,-85675.53125,-85675.53125,-15183.515625,-11590.2939453125,,,125478.125,203315.7890625,-445.68212890625,18975.80615234375,-53300.39453125,-53300.39453125,,0.9119756406285653,,56.320014347278665,5.595223954840844,,,,in_dia,15,N/A
4390,252125,94.71417916920763,-25.17019522569474,614429019114317687,15.8846,0.000118241,15.6319,0.000126554,16.84,0.00056866,1607550.0,175.068,2028720.0,236.469,666788.0,349.233,0.0,0.0,,True,False,True,0.25269985,0.95540047,0.000244795,0.000686901,in_passed,6.144290191143076e+17,128.0,-29266.52734375,-7508.5283203125,-334637.25,-568892.5,-29532.65234375,-727.5767211914062,108418.19341041526,7737.426456862031,383567.6168322234,500357.9450070228,13093.706528578286,21425.42551802518,1437032.25,611276.125,1154940.75,538311.5,2360351.75,1877805.125,192.87008666992188,432.2450256347656,186.61721801757812,212.47259521484375,418.01605224609375,1286.910400390625,892222.0,309.142,4104410.0,1387160.0,924.219,214.231,19521.802734375,35184.9931640625,-13528.199951171875,-5813.4327392578125,18762.13037109375,45042.5087890625,-836027.21875,107914.9921875,-39446.5751953125,-20229.3583984375,-22380.4677734375,10057.8076171875,32.27628849120703,3.6143202413303293,220.41648865282494,306.84256396353794,4.921854499673581,5.372882441380213,26280.37841796875,0.26963565656255556,in_passed,60,N/A
4519,258990,94.92435202317417,-25.14915326849608,614436440817805609,16.0815,0.000166159,15.8398,0.000578228,17.0391,0.000580389,1340900.0,205.209,1675240.0,892.179,555098.0,296.732,,0.0,,True,True,True,0.24169922,0.95760155,0.000744387,0.000746548,in_dia,6.144364408177951e+17,103.0,208270.15625,-4172.0634765625,,,-415512.53125,-980352.375,22387.39479520406,7346.734887061885,,,872500.6265101695,1011357.6958075758,2787637.75,583176.625,,,4958793.5,4312962.0,236.9181365966797,462.9624938964844,,,549.13720703125,1745.499755859375,8529.54,207.043,,,3492460.0,509234.0,194620.1875,221774.734375,-9197.49267578125,-2742.287841796875,,,,,217415.83984375,295614.15625,38976.40234375,61893.7666015625,9.439787343495148,2.8387188989771124,,,158.88321198915335,121.80003750922658,,,in_dia,15,N/A
4523,259213,94.97769490674297,-25.197070625998638,614436372098326733,15.8832,0.000100213,15.5512,9.57768e-05,17.0552,0.000546501,1609630.0,148.567,2185290.0,192.772,546932.0,275.296,0.0,0.0,,True,False,True,0.33199978,1.1720009,0.00019598979,0.000646714,in_passed,6.144363720983185e+17,132.0,8134.09033203125,1319.0880126953125,-158278.140625,-409426.4375,-9055.4140625,-1777.046142578125,8222.063172184466,6310.886018243247,319809.5550394713,514703.4783786089,12478.158441687887,17116.943519535896,1451791.875,549047.375,1717298.5,1451935.0,2730912.0,2365508.0,250.7957763671875,749.4506225585938,181.6884307861328,421.6024475097656,388.2462463378906,1570.926025390625,1079.97,49.6151,5181020.0,1059270.0,1009.79,100.285,2009.9960327148438,11785.41015625,-3471.4595947265625,4705.9652099609375,100304.875,132002.4609375,-601885.21875,102107.33984375,-19640.2861328125,-2596.5989990234375,-18243.37109375,12670.94921875,5.141818302771756,2.9161874097463096,127.75912692132893,257.7702233812073,4.119350967547042,4.146689244546794,31697.5859375,0.8160513449953061,in_passed,60,N/A
4536,259850,94.93492696347725,-24.9953232729001,614437128012569329,15.4014,9.12398e-05,15.1278,0.00014078,16.4098,0.00037289,2508580.0,210.809,3227550.0,418.495,991002.0,340.354,,0.0,,True,True,True,0.27359962,1.0084,0.00023201981,0.00046412981,in_dia,6.144371280125624e+17,121.0,63607.41796875,8792.662109375,,,-134718.59375,-4053.672607421875,229753.86834498824,5863.173917302629,,,278733.5428967815,24447.282463551743,2329652.5,890727.25,,,3751191.25,3683342.75,216.17657470703125,396.9736022949219,,,435.8195495605469,1412.305908203125,2405540.0,243.616,,,1000720.0,250.835,168377.7421875,201943.32421875,6680.327392578125,12796.892578125,,,,,-38679.53125,-2203.4066772460938,-29238.73046875,11732.3955078125,57.06145890726826,1.7551868072751353,,,34.30224724986862,4.380123126114188,,,in_dia,15,N/A
4579,262401,94.92416210712967,-24.913314647979618,614437128012571491,15.2942,9.87478e-05,15.0514,0.000212314,16.3726,0.000387647,2768890.0,251.831,3462840.0,677.151,1025570.0,366.167,,0.0,,True,True,True,0.24279976,1.0784006,0.0003110618,0.0004863948,in_dia,6.144371280125624e+17,106.0,161014.546875,7398.8662109375,,,-435431.625,-8937.8310546875,208515.38484731113,9714.070014026522,,,749294.1241260439,42900.289778103244,2473559.25,927951.5625,,,3946702.5,5313635.0,253.48294067382812,482.9925842285156,,,428.6932678222656,1847.5841064453125,1884170.0,304.477,,,4042040.0,453.695,253417.23046875,305852.171875,5173.1939697265625,12217.61181640625,,,,,154017.609375,214568.765625,-28345.5234375,20441.294921875,50.588000448534416,2.8124594954155477,,,160.10466016683287,5.088146837191082,,,in_dia,15,N/A
4604,263527,94.92263624917497,-25.231851913967994,614435753623041404,18.7509,0.000382478,18.7214,0.000373318,19.7113,0.00296596,114717.0,40.4121,117884.0,40.5329,47365.3,129.39,0.0,0.0,0.0,True,True,True,0.029500961,0.9603996,0.000755796,0.003348438,in_passed,6.144357536230278e+17,186.0,-21039.12109375,3432.15869140625,-11608.3544921875,-6390.08544921875,-3882.079833984375,,22381.719304454888,16907.77552087772,11558.706970415918,8608.215295310338,8506.3369140625,,109667.8359375,48311.42578125,114239.296875,96476.6171875,104091.2421875,,43.35859680175781,308.08648681640625,43.95809555053711,101.82218933105469,108.05899047851562,,220810.0,1672.95,66132.0,6106.46,5177.79,,-35294.921875,-8578.8349609375,-3374.834228515625,26755.2890625,-19595.2900390625,-6018.055419921875,-16535.71044921875,238.580810546875,-6985.60009765625,-5495.48974609375,,,44.61053799254417,14.12004783498663,24.675740213671308,19.944297455838015,4.470708184564633,,13577.234619140625,0.040281836309517184,in_passed,60,['*']
4615,263649,94.96273992841834,-25.00347102062618,614437059293096228,15.9189,9.59805e-05,15.6614,9.7793e-05,16.8735,0.000481371,1557600.0,137.693,1974400.0,177.836,646561.0,286.658,0.0,0.0,,True,False,True,0.2574997,0.9546013,0.0001937735,0.0005773515,in_passed,6.144370592930857e+17,161.0,21931.85546875,9545.77734375,-15718.1376953125,-154821.828125,4485.66650390625,-10569.408203125,11706.628493114928,5159.233922350527,183182.49907639448,308162.395202944,13195.308765765814,15639.074488102182,1413244.875,628427.4375,1879318.375,912337.4375,2174843.75,1545425.625,171.34738159179688,369.01849365234375,216.39784240722656,292.5669250488281,346.5094909667969,1071.2684326171875,4830.66,174.531,1655450.0,738340.0,1386.22,169.677,14393.513427734375,31412.779296875,7105.3284912109375,10625.985595703125,76740.23828125,98392.48046875,94100.7265625,141210.546875,787.0564727783203,13715.212890625,-16684.12158203125,-10212.1328125,7.731789973831461,1.3964977035399013,54.8620637781153,137.45371064728445,4.188742667470129,2.854906562068262,21652.2421875,0.12402475763260397,in_passed,60,N/A
4843,276777,95.1577322783045,-25.311459581798744,612929903729321337,15.6274,0.000105085,15.375,0.000108992,16.6177,0.000682426,2037190.0,197.174,2570300.0,258.02,818286.0,514.324,0.0,0.0,,True,False,True,0.2524004,0.9903002,0.000214077,0.000787511,in_passed,6.129299037293117e+17,114.0,-60751.8046875,10158.3046875,138869.828125,,-6213.30419921875,12353.8818359375,145636.8001654226,9460.71023906562,211905.0244984964,,22552.48106898649,12191.385858433901,1532143.125,815630.6875,2362454.75,,2722006.5,2713205.25,194.3168182373047,640.0376586914062,267.78314208984375,,483.26641845703125,1435.1356201171875,1190140.0,156.339,1802810.0,,1940.6,52.4975,25079.0419921875,51587.7763671875,10407.26806640625,14510.4072265625,235725.734375,288674.65625,,,-19023.10107421875,9778.43896484375,757.25439453125,20868.8798828125,49.72197647380342,2.0567270802189856,53.060177754606016,,7.232678220442443,2.1584752759989816,52948.921875,0.48670803845830135,in_passed,60,N/A
4863,277165,95.10607190710688,-25.35661674457975,612929903729319408,15.3038,0.000112824,15.082,0.000184937,16.2548,0.00048661,2744610.0,285.205,3366690.0,573.461,1143060.0,512.302,,0.0,,True,False,True,0.22179985,0.95100117,0.000297761,0.000599434,in_dia,6.129299037293117e+17,65.0,85566.4453125,11466.603515625,,,-103261.984375,19894.619140625,241428.08810801903,12458.240156336242,,,403500.97576203925,31469.498342793562,2396870.0,1149325.25,,,4141442.25,4507922.0,299.8150329589844,763.008544921875,,,630.9255981445312,1896.04541015625,1665000.0,223.236,,,735666.0,226.934,206680.53125,268725.96875,9150.997802734375,18903.779296875,,,,,70274.328125,98260.890625,-3368.9180908203125,42027.470703125,63.22464366124786,3.547693998241431,,,49.940760075119094,5.383040021764637,,,in_dia,15,N/A
4961,282133,95.53880722768525,-24.97017887294832,614436853134667983,15.9349,0.000271867,15.6885,0.000157989,16.8912,0.00147431,1534710.0,384.289,1925710.0,280.217,636118.0,863.78,0.0,0.0,,False,False,True,0.24639988,0.9562988,0.000429856,0.001746177,in_passed,6.144368531346555e+17,50.0,7420.58447265625,21822.546875,-401811.34375,-772456.125,-15644.5859375,8970.46484375,11086.61188596832,6174.58230590218,404174.85286531935,580120.7069406628,12434.581004891314,33305.722596143736,1073578.875,644505.9375,827381.25,616801.6875,2379829.75,2041685.625,354.9685974121094,972.5814819335938,181.2933349609375,372.7107849121094,958.9115600585938,1668.4647216796875,834.608,21.3027,3427160.0,445365.0,104.323,282.258,-2058.178009033203,7427.173583984375,18538.271484375,24585.6884765625,-644999.8125,129139.546875,-951729.1875,81180.46875,-22131.072265625,-8517.4384765625,-7715.5289306640625,39218.60546875,7.577998004261044,2.1817999850966756,319.1286132689102,236.21253681766376,3.6208501760999483,8.489176142818586,774139.359375,7.057906984198212,in_passed,60,N/A
4984,283249,95.0381032480516,-25.016429469389383,614437059293095257,15.3568,8.81666e-05,15.0723,0.000211657,16.4769,0.000390631,2613730.0,212.246,3396730.0,662.169,931634.0,335.187,,0.0,,True,False,True,0.28450012,1.1201,0.0002998236,0.0004787976,in_dia,6.144370592930857e+17,121.0,232963.28125,12200.3134765625,,,-311329.71875,-695.2740478515625,30439.129754555175,5067.342330845025,,,718708.3511852146,31418.33980746849,2890524.25,926401.625,,,4234926.5,3986501.0,242.61196899414062,490.7562561035156,,,427.5615234375,1564.1590576171875,15157.0,94.1965,,,4102650.0,286.504,214290.265625,257653.25,9512.505126953125,13093.338623046875,,,,,217367.390625,276185.25,-31773.27734375,17925.923828125,14.041176344736773,1.0533761595165665,,,146.7023835741614,4.559273091075358,,,in_dia,15,N/A
5010,284329,95.56999767394173,-25.01867720725831,614436853134665700,15.8797,0.00035701,15.5889,0.000245601,17.0234,0.00192049,1614750.0,530.958,2110770.0,477.472,563196.0,996.204,,0.0,,True,False,True,0.2908001,1.1436996,0.000602611,0.0022775,in_passed,6.144368531346555e+17,20.0,9708.5263671875,-11044.8291015625,-268158.875,290638.65625,-82249.359375,-21365.3828125,13360.585077506634,2745.147347378358,505478.93822194275,,9880.944432148974,2424.540713370995,1672574.875,566234.25,1051794.5,2784940.5,2864885.0,2914530.5,774.7554321289062,1116.2286376953125,322.4941101074219,1884.3255615234375,1671.7615966796875,2827.96923828125,157.083,2.34599,1083900.0,0.0,12.03,0.273351,2855.509521484375,15599.236328125,-12036.34912109375,-10095.23681640625,-531430.21875,186287.90625,290638.65625,290638.65625,-84515.82421875,-77528.94140625,-22301.21728515625,-20586.80810546875,6.5127882502800505,1.1596497320256174,257.3234680778006,,2.5092407899084614,-0.8523933288689649,717718.125,0.46040014093264114,in_passed,60,N/A
5028,284901,95.06795362520671,-24.973599127687514,614437059293097590,16.0537,0.000180225,15.8988,0.00142155,17.3461,0.000562947,1375710.0,228.359,1586660.0,2077.42,418378.0,216.926,,0.0,,True,False,True,0.1548996,1.2924004,0.0016017751,0.000743172,in_dia,6.144370592930871e+17,52.0,136539.25,9910.3349609375,,,,,300979.57291415037,2446.195686391367,,,,,2189523.75,429097.59375,,,,,217.58790588378906,748.8278198242188,,,,,2481000.0,6.44397,,,,,250715.40625,284822.84375,8570.782958984375,11013.40625,,,,,,,,,68.93617912900908,0.9683415028475411,,,,,,,in_dia,15,N/A
5044,285755,94.99259687183456,-24.990555469254996,614437059293096842,15.2959,9.09057e-05,15.075,0.000195275,16.2789,0.000348851,2764550.0,231.468,3388540.0,609.446,1117970.0,359.206,,0.0,,True,True,True,0.22090054,0.9829998,0.0002861807,0.0004397567,in_dia,6.144370592930857e+17,112.0,22899.18359375,-6866.890625,,,-507384.625,-12952.7431640625,289728.1907365268,9620.909090369403,,,784144.6299571679,33482.062519294836,2134336.5,1030182.4375,,,3916076.25,4942230.5,213.75445556640625,497.315185546875,,,444.3973083496094,1776.452392578125,3908770.0,345.401,,,4855450.0,314.867,243088.1875,289492.4765625,-12536.31494140625,-7428.36474609375,,,,,194847.15625,269495.7890625,-42529.25,13771.7822265625,90.98820914086811,2.398219239254198,,,180.17977415248703,4.9270740127729935,,,in_dia,15,N/A
5261,294391,95.01475353457849,-25.092214969251955,614436372098331933,15.9681,0.000101151,15.7148,0.00010308,16.9388,0.000519274,1488520.0,138.675,1879680.0,178.456,608809.0,291.174,0.0,0.0,,True,True,True,0.2532997,0.9707012,0.00020423101,0.000620425,in_passed,6.144363720983183e+17,145.0,12009.634765625,-7444.40234375,-108148.6640625,-405088.5625,-8929.44140625,21045.96875,10475.32818784148,3521.6924614191835,243158.70060355862,430542.5302305747,13499.732888911656,8327.798718331109,1325224.75,614457.5625,1516702.5,776147.375,2271164.5,2212020.0,175.92767333984375,508.9067077636719,205.1967010498047,284.28741455078125,338.3763427734375,1324.626220703125,3225.24,38.7659,2981140.0,1367000.0,1560.99,31.2019,4733.6611328125,17863.603515625,-10414.30859375,-6532.23388671875,92852.05859375,112428.5078125,-110916.34375,138864.9453125,-14299.456298828125,-2435.6163330078125,17541.638671875,28451.654296875,6.808094761412838,1.1390803098109932,101.25263093555606,264.623735632528,4.028853168025802,1.394963675627854,19576.44921875,0.4432637904474137,in_passed,60,N/A
5357,300044,95.20102159322268,-24.91626737503265,614436990573623742,15.525,9.82368e-05,15.2022,0.000140577,16.7035,0.000450972,2238800.0,202.565,3013970.0,390.237,756157.0,314.078,,0.0,,True,False,True,0.32279968,1.1785011,0.00023881381,0.0005492088,in_dia,6.14436990573609e+17,101.0,-102310.71875,-851.00537109375,,,-221726.015625,15994.734375,259362.94343964005,8793.758587690698,,,456062.3491170265,32229.18518431185,1970980.5,721661.6875,,,3566754.75,4209797.0,201.56861877441406,944.2930297851562,,,422.1988525390625,1620.701416015625,4062530.0,56.7853,,,2742240.0,352.545,93048.763671875,115602.216796875,-4241.123748779297,4550.5615234375,,,,,112113.94921875,158093.3515625,5791.697265625,38845.23828125,85.42083206296361,3.994157925208883,,,87.68018066190209,4.76422830041711,,,in_dia,15,N/A
5558,309048,95.52894459722307,-24.90281517921121,614436853134670575,15.7927,0.000267023,15.6039,0.000159237,16.743,0.00138466,1749560.0,430.282,2081780.0,305.319,729138.0,929.884,0.0,0.0,,True,False,True,0.18879986,0.9503002,0.00042626,0.001651683,in_passed,6.144368531346555e+17,45.0,18668.537109375,29480.013671875,-209296.296875,-587571.5625,-21818.90625,9974.0322265625,16512.33565503245,7751.780019019966,355636.7134167646,514780.9826676577,11985.811148334049,13105.810386813531,1222058.625,739175.6875,1302574.125,726304.375,2479788.75,1459828.875,373.6207275390625,1047.3416748046875,257.620849609375,397.5915832519531,887.2573852539062,1946.28466796875,1244.22,28.895,2261780.0,333954.0,132.968,15.4918,244.744140625,28010.61328125,26190.5703125,33641.4375,116953.7421875,145099.046875,-792154.1875,-606654.125,-31162.5458984375,-13112.103271484375,1615.130126953125,10882.337890625,11.373538744102614,2.5508990881123905,165.40480670743298,189.81184026500375,4.290439890553659,2.6975243177098323,28145.3046875,0.07554004458008731,in_passed,60,N/A
5583,310474,95.44023698359784,-24.93707527156488,614436921854146877,15.8665,0.000141763,15.5626,0.000123428,16.9528,0.000942574,1634480.0,213.412,2162600.0,245.847,600996.0,521.75,0.0,0.0,,True,False,True,0.30389977,1.0863008,0.00026519102,0.001084337,in_passed,6.144369218541322e+17,82.0,-75827.578125,-17918.765625,-245059.984375,-650942.0,-30879.494140625,-2658.036865234375,186646.50622812845,6439.375828073998,401107.24649054446,645694.4734000798,16932.017393327416,11626.671848175141,1137470.25,608664.0,1277975.375,719687.375,2756123.25,2769210.25,307.14501953125,623.9683837890625,191.0587921142578,329.1688537597656,595.0379638671875,1737.4747314453125,431190.0,78.6095,4714330.0,1244470.0,719.675,34.4097,-9353.32666015625,5516.14599609375,-20752.7548828125,-13695.20751953125,166321.828125,207668.2890625,-970281.0625,191176.265625,-40455.759765625,-19128.513671875,-4329.46435546875,5283.931640625,74.69412435787306,2.3491783361720127,223.33795461642595,404.85824269649095,5.471519760030856,1.3081405320198107,41346.4609375,1.448802414183864,in_passed,60,N/A
5646,313229,95.35654652742157,-24.989571199310777,614436921854143901,15.615,0.000106615,15.3385,0.000148262,16.7333,0.000731701,2060640.0,202.346,2658280.0,363.0,735683.0,495.792,,0.0,,True,True,True,0.27649975,1.1182995,0.000254877,0.000838316,in_dia,6.144369218541322e+17,86.0,-91063.9453125,12439.4287109375,,,-95718.453125,-7993.9541015625,198382.79741069823,10464.838424891328,,,296400.65074702236,18658.29524046052,1753235.375,701634.375,,,3214920.0,1357846.25,209.12255859375,583.73193359375,,,454.23291015625,1040.643310546875,2738280.0,328.303,,,1010210.0,150.025,81636.0,97505.0546875,10693.53125,21029.21484375,,,,,42573.759765625,68126.57421875,-14739.349853515625,16392.61328125,71.93043674499407,4.185720249776123,,,40.63842077264459,4.343365922937995,,,in_dia,15,N/A
5653,313712,95.35401909332366,-25.004948653316372,614436921854143051,15.7813,0.000292028,15.8133,0.00119202,16.8189,0.000739957,1767990.0,475.533,1716710.0,1884.76,679898.0,463.368,,0.0,,True,False,True,-0.03200054,1.0375996,0.0014840481,0.001031985,in_dia,6.144369218541332e+17,22.0,286865.09375,-10470.794921875,,,,,40999.12750988918,8601.01022711709,,,,,3569830.25,713723.875,,,,,578.2235717773438,543.7949829101562,,,,,4580.09,187.707,,,,,270190.16796875,311719.890625,-15592.08349609375,-9199.935302734375,,,,,,,,,14.693230923171688,2.477793938199857,,,,,,,in_dia,15,N/A
5664,314423,95.47219029149302,-24.931960891337646,614436921854145530,15.9747,0.000182225,15.6823,0.000125253,17.0791,0.00116745,1479530.0,248.318,1936720.0,223.425,535012.0,575.276,0.0,0.0,,False,False,True,0.29240036,1.1043997,0.000307478,0.001349675,in_passed,6.144369218541324e+17,59.0,-12756.966796875,-38215.87890625,-63166.890625,-130668.9375,-9659.9814453125,5039.587890625,11280.337121187466,11493.028578363062,208313.9906497479,59202.00620912266,11719.84759900826,18501.987575612526,1500061.0,543017.5,1612539.875,2275013.25,2304281.5,1539087.375,443.1274108886719,646.7413940429688,239.12550354003906,985.0675048828125,709.751953125,1622.9764404296875,542.068,200.428,1839470.0,1630.62,227.168,85.9813,-20757.638671875,-4198.00244140625,-41282.6953125,-30078.14501953125,108773.779296875,134146.2109375,-175407.515625,-117143.17578125,-17199.064453125,-7493.13671875,3356.109375,20224.9619140625,7.754341565618451,4.631055721608541,80.62446437577778,23.458542297706284,3.278424371612573,4.653729664983619,25372.431640625,0.06348053936868155,in_passed,60,N/A
5665,314424,95.47736482007335,-24.948845624252723,614436921854145529,15.6036,0.000166169,15.3086,0.000166032,16.7319,0.000900099,2082470.0,318.717,2732440.0,417.848,736607.0,610.663,,0.0,,True,False,True,0.29499912,1.1282997,0.00033220102,0.001066268,in_dia,6.144369218541322e+17,24.0,24248.55078125,-25693.0546875,,,,22742.822265625,9125.974836305317,18763.765492383594,,,,11409.466780257631,2097238.75,747099.5625,,,,3781935.75,408.1871643066406,744.3787231445312,,,,2007.864990234375,394.71,458.032,,,,23.6189,20042.361328125,27033.193359375,-26861.431640625,-14199.71337890625,,,,,,,14926.5322265625,32851.91015625,3.5613538260366835,6.376749040562725,,,,1.7508865538561822,,,in_dia,15,N/A
5760,318881,94.98987291501186,-25.2724232211445,614435684903564514,15.7732,0.000105088,15.4536,9.85228e-05,16.8965,0.000524086,1781290.0,172.41,2390960.0,216.962,632976.0,305.538,0.0,0.0,,True,False,True,0.3196001,1.1232996,0.0002036108,0.000629174,in_passed,6.14435684903551e+17,135.0,22968.90625,-4445.64013671875,-101551.375,,-3461.862548828125,-503.7200927734375,8605.361279823956,4833.954600665794,272497.52638949745,,14983.535131359173,15702.13163127112,1431535.5,493821.09375,1659883.25,,2840982.25,1966960.75,184.49594116210938,483.1313781738281,189.77987670898438,,418.1208190917969,1190.142822265625,2385.94,107.446,5492630.0,,1213.9,132.434,17350.494140625,31734.7373046875,-8066.707275390625,-4576.2864990234375,191519.23828125,226700.3046875,,,-10710.44775390625,7928.22021484375,-17054.494140625,9799.38623046875,6.011579272255877,1.8626994906136298,108.38420786787805,,4.887355343565094,4.092680682100956,35181.06640625,,in_passed,60,N/A
5772,319702,95.55754844323458,-25.107251671159812,614436165939898197,15.866,0.000281044,15.579,0.000247005,16.9208,0.00265958,1635250.0,423.287,2130020.0,484.58,618977.0,1516.23,0.0,0.0,,False,False,True,0.2869997,1.0547991,0.00052804896,0.002940624,in_passed,6.144361659398881e+17,16.0,3968.228515625,29870.421875,-253650.734375,217265.234375,,-7781.43115234375,31154.241271876166,,346674.19924967916,,,1796.1976174146232,1217499.25,630322.0,1068963.375,2502090.5,,2511681.25,482.6231689453125,1697.830078125,392.5238037109375,1783.2322998046875,,2611.07666015625,2353.95,0.0,629191.0,5.02717e-11,,0.179088,-23080.416015625,15383.1103515625,29870.421875,29870.421875,16747.169921875,37893.27734375,217265.25,217265.25,,,-8437.7607421875,-7167.6572265625,21.836640968767927,,153.30106216828565,,,-0.9060400226429278,21146.107421875,0.025008063610080313,in_passed,60,N/A
5792,320686,95.52918339846472,-25.13348923928788,614436165939897484,15.8555,0.000217655,15.5711,0.000187753,16.9305,0.00264923,1651280.0,331.028,2145620.0,371.034,613454.0,1496.84,0.0,0.0,,False,False,True,0.2844,1.0749998,0.000405408,0.002866885,in_passed,6.144361659398881e+17,21.0,3645.385986328125,32988.46484375,-344259.0,229887.078125,,17501.103515625,17035.655938394142,,459219.1658818155,140652.14531082695,,3276.949651683786,1630918.125,623646.25,705068.9375,2519853.25,,1273275.625,584.4513549804688,1673.2489013671875,259.0545959472656,1032.3463134765625,,1850.7081298828125,587.591,0.0,1063380.0,10488.8,,0.840426,6767.78662109375,8473.892578125,32988.46484375,32988.46484375,-541579.28125,50918.765625,151398.34375,291952.6015625,,,17570.73486328125,19887.88818359375,6.634017834575092,,247.76098648620217,58.85851387013579,,-0.100979210702551,592498.046875,2.0551211652922277,in_passed,60,N/A
5934,329630,95.13647571280013,-25.2530507149009,614435616184088794,16.3917,0.000236423,16.2746,0.00128732,17.4091,0.000722996,1007700.0,219.43,1122480.0,1330.89,394788.0,262.891,,0.0,,True,False,True,0.11710167,1.0173988,0.001523743,0.000959419,in_dia,6.144356161840742e+17,58.0,107743.3828125,-7076.974609375,,,,49856.30078125,186906.37241988437,3836.3279104231315,,,,37089.23145254137,2383168.5,406458.625,,,,6859663.0,240.23037719726562,450.8684387207031,,,,2563.54345703125,1763220.0,52.8702,,,,158.095,184238.58984375,218661.40625,-9722.17041015625,-5674.5496826171875,,,,,,,29907.68359375,64091.431640625,43.88878206425573,1.6163904030096594,,,,3.8324465734592565,,,in_dia,15,N/A
5950,330255,95.13793868474846,-25.288537480639366,614435616184087496,16.2054,0.000179084,16.2959,0.00072996,17.4798,0.000728424,1196330.0,197.326,1100680.0,740.004,369885.0,248.157,,0.0,,True,True,True,-0.09049988,1.2743988,0.000909044,0.000907508,in_dia,6.144356161840742e+17,74.0,-26101.056640625,6097.57373046875,,,-1099471.625,14.796250343322754,192324.5733305015,4285.4260710494955,,,1178172.679173412,42974.7262981935,1878319.625,344134.875,,,3404983.5,6634815.0,214.39456176757812,577.5047607421875,,,547.1515502929688,2343.395751953125,2034840.0,35.574,,,3567370.0,252.693,89611.146484375,109908.525390625,4693.1680908203125,7754.4754638671875,,,,,-1831065.375,172740.875,-17749.744140625,26028.5224609375,60.406529148139256,1.8482678221427824,,,314.83231582855814,4.319387076490899,,,in_dia,15,N/A
6010,332625,95.28598079188167,-25.164022696880227,614436303378852471,15.6545,0.000111412,15.3697,0.000132131,16.6832,0.000578356,1987080.0,203.902,2583030.0,314.348,770381.0,410.37,,0.0,,True,False,True,0.28479958,1.0287008,0.000243543,0.000689768,in_dia,6.144363033788416e+17,80.0,-3396.11865234375,3482.9384765625,,,50758.09765625,14636.5810546875,157042.82710602778,9047.524495787076,,,16450.388919150748,19929.52254011804,1899664.625,628511.5625,,,3284698.5,2424811.75,226.30810546875,584.414794921875,,,479.03662109375,1384.4345703125,1548640.0,179.346,,,1062.84,123.204,80643.935546875,101733.990234375,-809.27490234375,8827.7451171875,,,,,42455.3701171875,60139.4306640625,4921.0341796875,29749.2041015625,43.04163683463399,3.1176606271342697,,,4.5188728558877695,3.994522831514065,,,in_dia,15,N/A
6059,335796,95.1564874695925,-25.08539894793978,614436303378856219,15.7312,9.34637e-05,15.4702,0.000116171,16.7199,0.000451144,1851430.0,159.377,2354510.0,251.927,744819.0,309.487,0.0,0.0,,True,True,True,0.26100063,0.9886999,0.0002096347,0.0005446077,in_passed,6.144363033788416e+17,120.0,-62654.5390625,8934.1337890625,-125351.4140625,-438364.125,-151667.046875,-14006.3232421875,166994.98371947496,5172.450371692204,296766.43642992637,533303.6510966704,254475.96004570488,11383.643618450953,1381036.125,719665.8125,1538717.625,1039841.875,2641897.0,2400322.0,217.28338623046875,442.5090637207031,232.12448120117188,356.62420654296875,398.69287109375,1485.865234375,1375980.0,148.365,2654580.0,1073980.0,791353.0,42.1835,11747.11669921875,33066.0302734375,8971.6484375,12345.091796875,133428.94921875,173708.859375,-587636.25,155732.06640625,-23023.20751953125,-6809.2008056640625,-20249.4541015625,-9360.0458984375,55.072314796600125,0.9738964957501788,119.54467109090798,271.9765413558231,44.764917523334546,1.8060883319742764,40279.91015625,0.02492821875009428,in_passed,60,N/A
6099,337447,95.18406567030077,-25.12708325809134,614436303378854243,15.7084,9.50622e-05,15.4185,0.000113778,16.87,0.000509932,1890730.0,165.544,2469460.0,258.782,648655.0,304.651,0.0,0.0,,True,False,True,0.28989983,1.1616011,0.0002088402,0.0006049942,in_dia,6.144363033788416e+17,107.0,-159420.03125,-6554.978515625,,,17872.349609375,14432.4697265625,229492.48518742246,3781.9141602153427,,,19662.33872343515,10501.713304821957,1503677.875,583329.375,,,3062378.0,1662486.75,158.98947143554688,579.8764038085938,,,405.8476867675781,1290.2874755859375,4881620.0,28.9923,,,2259.39,29.2153,44791.083984375,61551.080078125,-9066.88427734375,-5658.060302734375,,,,,5024.71923828125,30162.07275390625,14040.65625,15156.4580078125,101.83053571548722,1.1160585141385153,,,6.298431198869829,1.0257518905144583,,,in_dia,15,N/A
6223,343051,95.50530316604906,-25.05010418142821,614436165939900340,15.4168,0.000163526,15.1871,0.000261205,16.4658,0.00105612,2473350.0,372.519,3056060.0,735.222,941179.0,915.505,,0.0,,True,False,True,0.22969913,1.0489998,0.000424731,0.0012196461,in_dia,6.144361659398881e+17,33.0,196788.453125,44817.1484375,,710004.875,449710.1875,-36096.93359375,28228.898961049785,13544.92966982701,,8488.46335475391,78926.41863974814,12510.6020464813,2715380.5,955087.8125,,4155393.25,4216332.0,4201990.0,433.3108825683594,996.3611450195312,,1701.7257080078125,1083.21435546875,2398.574462890625,3560.42,119.069,,11.4856,4081.52,18.0667,174351.32421875,220426.5546875,36768.63037109375,53900.8310546875,,,706994.0625,712996.3125,402246.9375,503809.078125,-38295.498046875,-29166.7763671875,12.80241970093046,5.227772351880362,,2.6402119881245,22.17359290026396,0.7389053287844339,,,in_dia,15,N/A
6242,343884,95.41056488369146,-25.207808655445078,614436234659374293,15.7993,0.000155427,15.4809,0.000130789,16.9723,0.00149,1738890.0,248.928,2331470.0,280.851,590302.0,810.097,0.0,0.0,,False,False,True,0.31840038,1.1729994,0.000286216,0.0016454271,in_passed,6.14436234659365e+17,57.0,23591.982421875,14108.4990234375,-6593.53125,-244852.859375,42070.96484375,5935.65869140625,12093.06583089628,,317125.5310030171,619400.8823901186,35100.28528234054,56965.792874885716,1482347.75,601354.5625,1466073.875,1336831.5,2794267.5,2780860.75,275.5748596191406,1610.904296875,257.21954345703125,579.3241577148438,874.4700317382812,2777.266845703125,1620.65,0.0,1921640.0,748569.0,901.344,156.814,17274.4462890625,35519.478515625,14108.4990234375,14108.4990234375,238308.3046875,277186.6875,262410.1875,319470.90625,23327.14453125,58117.60546875,-15633.71875,24647.1796875,7.394878216237013,,122.89204766602988,257.28700542852783,9.334151994188753,11.726092703663594,38878.3828125,,in_passed,60,N/A
6265,345207,95.43492677519237,-25.097048597474313,614436234659380981,15.9291,0.000141379,15.6632,0.000124742,16.9042,0.00110638,1543020.0,200.924,1971110.0,226.464,628506.0,640.457,0.0,0.0,,True,False,True,0.26589966,0.97509956,0.000266121,0.001247759,in_passed,6.144362346593649e+17,88.0,-9429.345703125,23430.69140625,-103086.671875,-567295.5625,-26336.548828125,-20803.00390625,120386.8910095711,8050.837146742498,256886.16110931622,509252.12460836465,16896.07411590387,3304.9915638860703,1392613.75,614783.5625,1472104.625,1162460.25,2132540.25,2287409.75,229.43943786621094,613.8349609375,211.34771728515625,410.9484558105469,666.5731811523438,1755.48095703125,472243.0,128.452,2581420.0,775259.0,624.05,2.3219,25776.57470703125,40478.458984375,19448.01171875,29450.845703125,97777.115234375,123918.310546875,-929117.46875,31496.73583984375,-39813.83984375,-24004.259765625,-23136.33251953125,-18440.12841796875,35.98117195704685,3.3646532769967767,101.19088852053876,297.37966427030227,6.158217956992398,-0.20251742913735798,26141.1953125,,in_passed,60,N/A
6345,348724,95.37773733135076,-25.11240298611341,614436234659379978,15.8323,0.000113734,15.5767,0.000122445,16.8121,0.000728914,1686890.0,176.707,2134550.0,240.725,684168.0,459.319,0.0,0.0,,True,False,True,0.25559998,0.9797993,0.000236179,0.000842648,in_passed,6.144362346593649e+17,101.0,-52546.23046875,14804.8525390625,-753350.0625,-618736.5625,-3025.386474609375,13596.8779296875,126602.83704261287,4417.015661166994,444712.69656571635,583221.3623108282,12011.174601177194,15337.720679806196,1291092.5,659571.875,767851.75,949965.0,2589295.25,1906259.75,174.54530334472656,520.7275390625,204.1583709716797,293.1391906738281,546.8717651367188,1592.1142578125,1236720.0,66.3605,1686240.0,1460780.0,432.778,46.7421,15746.949462890625,27335.77685546875,11876.245361328125,18363.466552734375,-936975.1875,-120708.421875,-977727.5625,80047.4375,-12058.0048828125,4388.728515625,9694.873046875,19532.421875,44.65076191091003,1.6287638421767068,282.95972864981945,327.686210487765,3.9363317844853962,2.122804305867548,816266.765625,,in_passed,60,N/A
6347,348793,95.37703155710878,-25.0817196619732,614436234659380053,15.5917,0.000115325,15.3552,0.000136147,16.5575,0.000679452,2105270.0,223.617,2617620.0,328.238,864939.0,541.277,,0.0,,True,False,True,0.23649979,0.96580124,0.000251472,0.00079477695,in_dia,6.144362346593649e+17,79.0,8088.70947265625,31257.37890625,,,-226426.734375,23345.197265625,171820.46645513768,9678.322232949,,,429855.99446916656,15652.250488340891,2033982.375,875498.0625,,,2676669.5,3419189.25,249.95022583007812,577.9176635742188,,,412.9097900390625,1926.687255859375,1310150.0,237.146,,,1663940.0,47.2675,90565.296875,114052.146484375,25652.7578125,36854.806640625,,,,,50477.98046875,68677.0703125,18444.11328125,27818.927734375,44.73486616424121,3.241456780441902,,,90.15394224819492,2.0133524513766607,,,in_dia,15,N/A
